0	35117912
1	35117924
2	35118148
3	35118151
4	35118163
5	35118175
6	35118345
7	35118357
8	35118412
9	35118497
10	35118679
11	35118758
12	35118761
13	35118898
14	35118928
15	35118936
16	35118977
17	35118989
18	35118990
19	35119015
20	35119039
21	35119040
22	35119052
23	35119076
24	35119106
25	35119118
26	35119124
27	35119192
28	35119209
29	35119210
30	35119222
31	35119234
32	35119261
33	35119271
34	35119295
35	35119350
36	35119374
37	35119386
38	35119404
39	35119453
40	35119969
41	35119982
42	35120017
43	35120029
44	35120030
45	35120112
46	35120145
47	35120169
48	35120285
49	35120297
50	35120327
51	35120339
52	35120376
53	35120406
54	35120418
55	35121459
56	35121460
57	35121472
58	35121484
59	35121496
60	35121642
61	35121708
62	35121964
63	35121976
64	35121988
65	35122063
66	35122075
67	35122233
68	35122658
69	35123493
70	35123785
71	35123869
72	35123973
73	35124175
74	35124199
75	35124278
76	35124291
77	35124400
78	35124436
79	35124448
80	35124459
81	35124527
82	35124539
83	35124576
84	35124655
85	35124709
86	35124795
87	35124849
88	35124989
89	35125398
90	35125428
91	35125702
92	35125726
93	35125829
94	35125891
95	35125908
96	35126020
97	35126068
98	35126073
99	35126093
100	35126123
101	35126147
102	35126342
103	35126366
104	35126421
105	35126512
106	35126536
107	35126548
108	35126676
109	35126718
110	35126724
111	35126810
112	35126822
113	35127000
114	35127140
115	35127197
116	35127206
117	35127218
118	35127224
119	35127231
120	35127255
121	35127929
122	35127966
123	35127978
124	35127985
125	35127991
126	35128144
127	35128235
128	35128259
129	35128260
130	35128296
131	35128351
132	35128363
133	35128387
134	35128818
135	35128831
136	35128879
137	35128934
138	35128961
139	35129008
140	35129012
141	35129045
142	35129112
143	35129136
144	35129159
145	35129173
146	35129185
147	35129288
148	35129392
149	35129409
150	35129434
151	35129525
152	35129550
153	35129574
154	35129586
155	35129604
156	35129628
157	35129636
158	35129653
159	35129689
160	35129707
161	35129756
162	35129793
163	35129811
164	35129835
165	35129859
166	35129896
167	35129926
168	35129938
169	35129948
170	35129951
171	35129999
172	35130000
173	35130059
174	35130114
175	35130175
176	35130199
177	35130205
178	35130217
179	35130254
180	35130321
181	35130333
182	35130369
183	35130382
184	35130459
185	35130497
186	35130539
187	35130540
188	35130758
189	35131088
190	35131283
191	35131313
192	35131416
193	35131507
194	35131520
195	35131544
196	35131556
197	35131659
198	35131660
199	35131738
200	35131775
201	35131787
202	35131799
203	35131805
204	35131885
205	35131891
206	35131912
207	35132196
208	35132214
209	35132238
210	35132287
211	35132305
212	35132317
213	35132329
214	35132354
215	35132559
216	35132561
217	35132986
218	35133152
219	35133176
220	35133188
221	35133231
222	35133346
223	35133395
224	35133401
225	35133449
226	35133450
227	35133462
228	35133498
229	35133504
230	35133541
231	35133565
232	35133991
233	35134065
234	35134119
235	35134120
236	35134132
237	35134144
238	35134569
239	35134594
240	35134636
241	35134673
242	35134788
243	35134797
244	35134806
245	35134879
246	35134958
247	35134983
248	35135021
249	35135057
250	35135324
251	35135380
252	35135434
253	35135446
254	35135461
255	35135471
256	35135483
257	35135525
258	35135549
259	35135550
260	35135562
261	35136189
262	35136232
263	35136268
264	35136293
265	35136335
266	35136359
267	35136396
268	35136463
269	35136566
270	35136608
271	35136612
272	35136669
273	35136897
274	35136906
275	35136918
276	35136931
277	35136943
278	35137030
279	35137042
280	35137066
281	35137078
282	35137085
283	35137108
284	35137133
285	35137157
286	35137397
287	35137406
288	35137418
289	35137455
290	35137509
291	35137534
292	35137546
293	35138198
294	35138216
295	35138241
296	35138253
297	35138265
298	35138435
299	35138502
300	35138526
301	35138538
302	35138548
303	35138575
304	35138605
305	35138885
306	35138903
307	35138915
308	35138940
309	35138988
310	35139038
311	35139051
312	35139063
313	35139099
314	35139129
315	35139221
316	35139233
317	35139245
318	35139403
319	35139497
320	35139580
321	35139661
322	35139671
323	35139737
324	35139774
325	35139798
326	35139804
327	35139877
328	35140004
329	35140016
330	35140200
331	35140223
332	35140247
333	35140302
334	35140314
335	35140326
336	35140338
337	35140348
338	35140351
339	35140363
340	35140521
341	35140740
342	35140776
343	35140788
344	35140880
345	35141203
346	35141239
347	35141240
348	35141264
349	35141276
350	35141297
351	35141324
352	35141331
353	35141446
354	35141483
355	35141689
356	35141768
357	35141773
358	35141860
359	35141884
360	35141902
361	35141948
362	35141975
363	35142013
364	35142025
365	35142037
366	35142050
367	35142220
368	35142311
369	35142323
370	35142505
371	35142529
372	35142669
373	35142700
374	35142724
375	35142736
376	35142759
377	35142864
378	35142876
379	35142888
380	35143042
381	35143157
382	35143200
383	35143248
384	35143397
385	35143406
386	35143571
387	35143583
388	35143595
389	35143649
390	35143873
391	35143959
392	35144186
393	35144228
394	35144241
395	35144307
396	35144435
397	35144459
398	35144708
399	35144721
400	35144824
401	35144952
402	35145002
403	35145048
404	35146286
405	35146651
406	35146961
407	35147333
408	35147394
409	35147412
410	35147758
411	35147761
412	35147771
413	35147795
414	35147801
415	35147813
416	35147825
417	35147837
418	35147849
419	35147850
420	35147862
421	35148155
422	35148167
423	35148271
424	35148337
425	35148573
426	35148581
427	35148593
428	35148611
429	35148623
430	35148659
431	35148702
432	35148714
433	35148994
434	35149007
435	35149081
436	35149100
437	35149135
438	35151497
439	35149202
440	35149330
441	35150061
442	35150265
443	35150290
444	35150502
445	35150733
446	35150861
447	35150885
448	35150897
449	35151099
450	35151191
451	35151348
452	35151373
453	35151385
454	35151476
455	35151506
456	35151518
457	35151609
458	35151610
459	35151646
460	35151671
461	35151701
462	35151725
463	35151737
464	35151749
465	35151804
466	35151836
467	35151841
468	35151889
469	35151956
470	35151968
471	35152336
472	35152500
473	35152511
474	35152523
475	35152614
476	35152742
477	35153060
478	35153084
479	35153096
480	35153114
481	35153285
482	35153497
483	35153503
484	35153527
485	35153564
486	35153597
487	35153606
488	35153624
489	35153631
490	35153643
491	35153655
492	35153667
493	35153692
494	35153709
495	35153825
496	35153837
497	35153904
498	35153989
499	35153990
500	35154088
501	35154097
502	35154106
503	35154124
504	35154155
505	35154179
506	35154210
507	35154337
508	35154349
509	35154441
510	35154684
511	35154702
512	35154817
513	35154854
514	35154878
515	35154945
516	35155019
517	35155068
518	35155073
519	35155251
520	35155263
521	35155287
522	35155299
523	35155706
524	35156231
525	35156243
526	35156267
527	35156280
528	35156310
529	35156371
530	35156383
531	35156401
532	35156413
533	35156437
534	35156486
535	35156498
536	35156516
537	35156541
538	35156553
539	35156565
540	35156644
541	35156668
542	35156735
543	35156747
544	35156760
545	35156772
546	35156784
547	35156796
548	35156838
549	35156851
550	35156887
551	35156899
552	35156905
553	35156929
554	35156954
555	35157016
556	35157028
557	35157036
558	35157053
559	35157077
560	35157089
561	35157090
562	35157107
563	35157120
564	35157132
565	35157156
566	35157168
567	35157173
568	35157181
569	35157223
570	35157247
571	35157326
572	35157338
573	35157348
574	35157375
575	35157387
576	35157405
577	35157429
578	35157442
579	35157454
580	35157478
581	35157485
582	35157659
583	35157685
584	35157715
585	35157739
586	35157764
587	35157797
588	35157806
589	35158197
590	35158264
591	35158276
592	35158297
593	35158306
594	35158318
595	35158324
596	35158483
597	35158525
598	35158537
599	35158549
600	35158550
601	35158562
602	35158811
603	35158823
604	35158872
605	35158884
606	35158926
607	35158938
608	35158951
609	35159268
610	35159273
611	35159281
612	35159542
613	35160751
614	35160763
615	35161007
616	35161238
617	35161287
618	35161299
619	35161317
620	35161408
621	35161412
622	35161421
623	35161561
624	35161585
625	35161664
626	35161718
627	35161724
628	35161780
629	35161937
630	35161949
631	35162152
632	35162188
633	35162197
634	35162243
635	35162255
636	35162280
637	35162334
638	35162346
639	35162358
640	35162361
641	35162371
642	35162425
643	35162437
644	35162474
645	35162498
646	35162516
647	35162553
648	35162577
649	35162589
650	35162619
651	35162632
652	35162656
653	35162700
654	35162711
655	35162723
656	35162735
657	35162747
658	35162760
659	35162772
660	35162796
661	35162826
662	35162848
663	35162851
664	35162917
665	35162930
666	35162942
667	35162966
668	35162978
669	35163016
670	35163028
671	35163036
672	35163041
673	35163077
674	35163090
675	35163119
676	35163120
677	35163132
678	35163168
679	35163181
680	35163235
681	35163259
682	35163272
683	35163326
684	35163338
685	35163399
686	35163405
687	35163417
688	35163430
689	35163442
690	35163478
691	35163485
692	35163508
693	35163512
694	35163533
695	35163545
696	35163582
697	35163612
698	35163636
699	35163752
700	35163806
701	35163818
702	35163867
703	35163880
704	35163946
705	35164012
706	35164070
707	35164082
708	35164094
709	35164100
710	35164124
711	35164136
712	35164159
713	35164197
714	35164240
715	35164331
716	35164355
717	35164379
718	35164422
719	35164458
720	35164461
721	35164501
722	35164513
723	35164525
724	35164537
725	35164586
726	35164598
727	35164604
728	35164616
729	35164628
730	35164636
731	35164732
732	35165001
733	35165098
734	35165104
735	35165207
736	35165220
737	35165232
738	35165244
739	35165300
740	35165311
741	35165323
742	35165335
743	35165347
744	35165359
745	35165372
746	35165591
747	35165612
748	35165621
749	35165633
750	35165670
751	35165700
752	35165748
753	35167411
754	35167435
755	35167447
756	35167459
757	35167472
758	35167484
759	35167782
760	35168661
761	35168671
762	35168683
763	35168701
764	35168749
765	35168750
766	35168762
767	35168828
768	35168841
769	35168853
770	35169024
771	35169055
772	35169067
773	35169663
774	35170173
775	35170458
776	35170501
777	35170549
778	35170550
779	35170562
780	35170636
781	35170653
782	35170665
783	35170677
784	35170690
785	35170707
786	35170719
787	35170732
788	35170768
789	35170773
790	35170781
791	35170793
792	35170847
793	35170859
794	35170860
795	35170872
796	35170884
797	35170896
798	35170902
799	35170938
800	35170948
801	35170951
802	35170963
803	35170975
804	35170987
805	35170999
806	35171001
807	35171074
808	35171098
809	35171116
810	35171136
811	35171165
812	35171189
813	35171190
814	35171207
815	35171256
816	35171268
817	35171273
818	35171311
819	35171335
820	35171360
821	35171396
822	35171414
823	35171448
824	35171487
825	35171499
826	35171517
827	35171542
828	35171591
829	35171621
830	35171694
831	35171700
832	35171736
833	35171748
834	35171773
835	35171785
836	35172054
837	35172492
838	35172509
839	35172546
840	35172558
841	35172601
842	35172873
843	35173149
844	35173150
845	35173162
846	35173174
847	35173319
848	35173666
849	35173685
850	35173708
851	35173712
852	35174087
853	35174099
854	35174166
855	35174178
856	35174185
857	35174208
858	35174212
859	35174336
860	35175043
861	35175547
862	35175559
863	35175560
864	35175870
865	35175894
866	35175900
867	35175912
868	35175936
869	35175959
870	35175961
871	35175973
872	35176151
873	35176163
874	35176187
875	35176205
876	35176576
877	35176588
878	35176597
879	35176667
880	35176679
881	35176680
882	35176783
883	35176795
884	35176837
885	35176850
886	35176862
887	35176898
888	35176904
889	35176916
890	35176936
891	35176977
892	35176989
893	35177015
894	35177027
895	35177076
896	35177106
897	35177143
898	35177155
899	35177179
900	35177180
901	35177192
902	35177210
903	35177234
904	35177246
905	35177258
906	35177313
907	35177374
908	35177398
909	35177416
910	35177428
911	35177441
912	35177489
913	35177507
914	35177519
915	35177520
916	35177532
917	35177556
918	35177581
919	35177593
920	35177647
921	35177672
922	35177684
923	35177714
924	35177726
925	35177799
926	35177805
927	35177830
928	35177854
929	35177912
930	35177921
931	35177933
932	35177957
933	35177970
934	35178019
935	35178020
936	35178056
937	35178068
938	35178100
939	35178135
940	35178159
941	35178160
942	35178184
943	35178299
944	35178330
945	35178366
946	35178385
947	35178457
948	35178469
949	35178470
950	35178482
951	35178494
952	35178512
953	35178548
954	35178559
955	35179000
956	35179848
957	35179887
958	35180002
959	35180026
960	35180038
961	35180048
962	35180063
963	35180075
964	35180087
965	35180099
966	35180105
967	35180117
968	35180142
969	35180154
970	35180166
971	35180178
972	35180185
973	35180191
974	35180208
975	35180221
976	35180233
977	35180245
978	35180269
979	35180270
980	35180282
981	35180294
982	35180300
983	35180336
984	35180359
985	35180361
986	35180373
987	35180385
988	35180397
989	35180415
990	35180427
991	35180439
992	35180452
993	35180464
994	35180488
995	35180524
996	35180543
997	35180555
998	35180567
999	35180580
1000	35180592
1001	35180610
1002	35180622
1003	35180634
1004	35180658
1005	35180661
1006	35180701
1007	35180713
1008	35180750
1009	35180774
1010	35180798
1011	35180804
1012	35180816
1013	35180828
1014	35180836
1015	35180841
1016	35180853
1017	35180865
1018	35180877
1019	35180889
1020	35180890
1021	35180919
1022	35180920
1023	35180932
1024	35180944
1025	35180956
1026	35180973
1027	35180981
1028	35181006
1029	35181024
1030	35181031
1031	35181055
1032	35181067
1033	35181092
1034	35181109
1035	35181110
1036	35181122
1037	35181134
1038	35922249
1039	35181201
1040	35181213
1041	35181225
1042	35181250
1043	35181262
1044	35181274
1045	35181286
1046	35181298
1047	35181304
1048	35181316
1049	35181328
1050	35181336
1051	35181353
1052	35181365
1053	35181377
1054	35181389
1055	35181390
1056	35181407
1057	35181419
1058	35181420
1059	35181432
1060	35181444
1061	35181468
1062	35181473
1063	35181523
1064	35181535
1065	35181547
1066	35181559
1067	35181560
1068	35181572
1069	35181584
1070	35181602
1071	35181638
1072	35181648
1073	35181663
1074	35181675
1075	35181687
1076	35181705
1077	35181717
1078	35181729
1079	35181730
1080	35181742
1081	35181754
1082	35181766
1083	35181785
1084	35181791
1085	35181808
1086	35181812
1087	35181821
1088	35181833
1089	35181845
1090	35181869
1091	35181870
1092	35181882
1093	35181894
1094	35181900
1095	35181912
1096	35181924
1097	35181936
1098	35181961
1099	35181973
1100	35181985
1101	35182000
1102	35182011
1103	35182023
1104	35182035
1105	35182047
1106	35182059
1107	35182060
1108	35182072
1109	35182096
1110	35182114
1111	35182126
1112	35182138
1113	35182148
1114	35182151
1115	35182163
1116	35182175
1117	35182187
1118	35182205
1119	35182217
1120	35182229
1121	35182242
1122	35182278
1123	35182291
1124	35182308
1125	35182312
1126	35182321
1127	35182333
1128	35182345
1129	35182357
1130	35182370
1131	35182382
1132	35182394
1133	35182400
1134	35182412
1135	35182424
1136	35182448
1137	35182459
1138	35182473
1139	35182485
1140	35182497
1141	35182503
1142	35182515
1143	35182527
1144	35182539
1145	35182552
1146	35182564
1147	35182576
1148	35182588
1149	35182597
1150	35182606
1151	35182618
1152	35182624
1153	35182631
1154	35182643
1155	35182655
1156	35182667
1157	35182679
1158	35182680
1159	35182692
1160	35182709
1161	35182710
1162	35182722
1163	35182734
1164	35182746
1165	35182758
1166	35182761
1167	35182771
1168	35182783
1169	35182795
1170	35182801
1171	35182825
1172	35182837
1173	35182849
1174	35182850
1175	35182862
1176	35182874
1177	35182898
1178	35182916
1179	35182936
1180	35182953
1181	35182965
1182	35182989
1183	35182990
1184	35183003
1185	35183015
1186	35183027
1187	35183039
1188	35183040
1189	35183052
1190	35183064
1191	35183076
1192	35183088
1193	35183097
1194	35183106
1195	35183118
1196	35183124
1197	35183131
1198	35183143
1199	35183155
1200	35183167
1201	35183179
1202	35183180
1203	35183192
1204	35183209
1205	35183210
1206	35183222
1207	35183234
1208	35183246
1209	35183258
1210	35183261
1211	35183271
1212	35183283
1213	35183295
1214	35183313
1215	35183325
1216	35183337
1217	35183349
1218	35183350
1219	35183362
1220	35183374
1221	35183386
1222	35183398
1223	35183404
1224	35183441
1225	35183453
1226	35183465
1227	35183477
1228	35183489
1229	35183490
1230	35183507
1231	35183519
1232	35183532
1233	35183544
1234	35183556
1235	35183568
1236	35183573
1237	35183593
1238	35183600
1239	35183611
1240	35183623
1241	35183635
1242	35183659
1243	35183660
1244	35183672
1245	35183684
1246	35183702
1247	35183714
1248	35183726
1249	35183738
1250	35183748
1251	35183751
1252	35183763
1253	35183775
1254	35183787
1255	35183799
1256	35183805
1257	35183829
1258	35183830
1259	35183842
1260	35183854
1261	35183878
1262	35183885
1263	35183891
1264	35183908
1265	35183912
1266	35183921
1267	35183933
1268	35183945
1269	35183957
1270	35183969
1271	35183970
1272	35183982
1273	35183994
1274	35184007
1275	35184019
1276	35184020
1277	35184032
1278	35184056
1279	35184068
1280	35184073
1281	35184081
1282	35184100
1283	35184111
1284	35184135
1285	35184147
1286	35184159
1287	35184160
1288	35184172
1289	35184184
1290	35184196
1291	35184202
1292	35184226
1293	35184248
1294	35184251
1295	35184263
1296	35184287
1297	35184299
1298	35184305
1299	35184317
1300	35184329
1301	35184330
1302	35184342
1303	35184354
1304	35184366
1305	35184378
1306	35184385
1307	35184391
1308	35184421
1309	35184433
1310	35184445
1311	35184470
1312	35184494
1313	35184500
1314	35184512
1315	35184524
1316	35184536
1317	35184548
1318	35184559
1319	35184561
1320	35184573
1321	35184585
1322	35184597
1323	35184652
1324	35184664
1325	35184676
1326	35184688
1327	35184697
1328	35184731
1329	35185036
1330	35185346
1331	35185437
1332	35185449
1333	35185450
1334	35185486
1335	35185565
1336	35185760
1337	35185802
1338	35187185
1339	35187197
1340	35187513
1341	35187537
1342	35187549
1343	35187550
1344	35187562
1345	35188918
1346	35188931
1347	35189406
1348	35189418
1349	35189424
1350	35189431
1351	35189443
1352	35189455
1353	35189650
1354	35189662
1355	35189820
1356	35190275
1357	35190354
1358	35190469
1359	35191036
1360	35191224
1361	35191383
1362	35191577
1363	35191656
1364	35191711
1365	35191863
1366	35191887
1367	35191905
1368	35191917
1369	35192065
1370	35192211
1371	35192223
1372	35192247
1373	35192348
1374	35192351
1375	35192387
1376	35192557
1377	35192636
1378	35192752
1379	35192764
1380	35192776
1381	35192788
1382	35192922
1383	35193057
1384	35193240
1385	35193264
1386	35193306
1387	35193318
1388	35193768
1389	35193999
1390	35194244
1391	35194268
1392	35194918
1393	35194924
1394	35194943
1395	35195030
1396	35195078
1397	35195182
1398	35195558
1399	35195561
1400	35195972
1401	35196733
1402	35197245
1403	35197348
1404	35198171
1405	35198183
1406	35198882
1407	35198894
1408	35198948
1409	35198959
1410	35198961
1411	35199047
1412	35199072
1413	35199084
1414	35199096
1415	35199163
1416	35199187
1417	35199205
1418	35199229
1419	35199242
1420	35199254
1421	35199308
1422	35199312
1423	35199321
1424	35199357
1425	35199400
1426	35199473
1427	35199515
1428	35199527
1429	35199552
1430	35199588
1431	35199597
1432	35199606
1433	35199618
1434	35199643
1435	35199667
1436	35199680
1437	35199710
1438	35199722
1439	35199734
1440	35199761
1441	35199825
1442	35199874
1443	35199898
1444	35199904
1445	35199928
1446	35199965
1447	35200001
1448	35200013
1449	35200025
1450	35200037
1451	35200049
1452	35200050
1453	35200062
1454	35200074
1455	35200086
1456	35200098
1457	35200529
1458	35200530
1459	35201923
1460	35201935
1461	35201947
1462	35201959
1463	35201960
1464	35201972
1465	35207627
1466	35207639
1467	35207640
1468	35207652
1469	35207664
1470	35207676
1471	35207688
1472	35207697
1473	35207706
1474	35207718
1475	35207724
1476	35207731
1477	35207743
1478	35207755
1479	35207767
1480	35207779
1481	35207780
1482	35207792
1483	35207809
1484	35207810
1485	35207822
1486	35207834
1487	35207846
1488	35207858
1489	35207861
1490	35207871
1491	35207883
1492	35207895
1493	35207901
1494	35207913
1495	35207925
1496	35207937
1497	35207949
1498	35207950
1499	35207962
1500	35223141
1501	35223153
1502	35223165
1503	35223177
1504	35223189
1505	35223190
1506	35223207
1507	35223219
1508	35223220
1509	35223232
1510	35223244
1511	35223256
1512	35223268
1513	35223273
1514	35224224
1515	35224248
1516	35233882
1517	35233894
1518	35233900
1519	35233912
1520	35233924
1521	35233936
1522	35233948
1523	35233959
1524	35233961
1525	35233973
1526	35233985
1527	35233997
1528	35236883
1529	35236895
1530	35236901
1531	35236913
1532	35236925
1533	35236937
1534	35236949
1535	35236950
1536	35236962
1537	35236974
1538	35236986
1539	35236998
1540	35237000
1541	35237012
1542	35237024
1543	35237036
1544	35237048
1545	35237059
1546	35237061
1547	35237073
1548	35237085
1549	35237097
1550	35237103
1551	35237115
1552	35237127
1553	35237139
1554	35237140
1555	35237152
1556	35237164
1557	35237176
1558	35237188
1559	35237197
1560	35237206
1561	35237218
1562	35237224
1563	35237231
1564	35237243
1565	35237255
1566	35237267
1567	35237279
1568	35237280
1569	35237292
1570	35237309
1571	35237310
1572	35237322
1573	35237334
1574	35237346
1575	35237358
1576	35237361
1577	35237371
1578	35237383
1579	35237395
1580	35237401
1581	35237413
1582	35237425
1583	35237437
1584	35237449
1585	35237450
1586	35237462
1587	35237474
1588	35237486
1589	35237498
1590	35237504
1591	35237516
1592	35237528
1593	35237536
1594	35237541
1595	35237553
1596	35237565
1597	35237577
1598	35237589
1599	35237590
1600	35237607
1601	35237619
1602	35237620
1603	35237632
1604	35237644
1605	35237656
1606	35237668
1607	35237673
1608	35237681
1609	35237693
1610	35237700
1611	35237711
1612	35237723
1613	35237735
1614	35237747
1615	35237759
1616	35237760
1617	35237772
1618	35237784
1619	35237796
1620	35237802
1621	35237814
1622	35237826
1623	35237838
1624	35237848
1625	35237851
1626	35237863
1627	35237875
1628	35237887
1629	35237899
1630	35237905
1631	35237917
1632	35237929
1633	35237930
1634	35237942
1635	35237954
1636	35237966
1637	35237978
1638	35237985
1639	35237991
1640	35238004
1641	35238016
1642	35238028
1643	35238036
1644	35238041
1645	35238053
1646	35238065
1647	35238077
1648	35238089
1649	35238090
1650	35238107
1651	35238119
1652	35238120
1653	35238132
1654	35238144
1655	35238156
1656	35238168
1657	35238173
1658	35238181
1659	35238193
1660	35238200
1661	35238211
1662	35238223
1663	35238235
1664	35238247
1665	35238259
1666	35238260
1667	35238272
1668	35238284
1669	35238296
1670	35238302
1671	35238314
1672	35238326
1673	35238348
1674	35238351
1675	35238363
1676	35238375
1677	35238387
1678	35238399
1679	35238405
1680	35238417
1681	35238429
1682	35238430
1683	35238442
1684	35238454
1685	35238466
1686	35238478
1687	35238485
1688	35238491
1689	35238508
1690	35238512
1691	35238521
1692	35238533
1693	35238545
1694	35238557
1695	35238569
1696	35238570
1697	35238582
1698	35238594
1699	35238600
1700	35238612
1701	35238624
1702	35238636
1703	35238648
1704	35238659
1705	35238673
1706	35238685
1707	35238697
1708	35238703
1709	35238715
1710	35238727
1711	35238739
1712	35238740
1713	35238752
1714	35238764
1715	35238776
1716	35238788
1717	35238797
1718	35238806
1719	35238818
1720	35238824
1721	35238831
1722	35238843
1723	35238855
1724	35238867
1725	35238879
1726	35238880
1727	35238892
1728	35238909
1729	35238910
1730	35238922
1731	35238934
1732	35238946
1733	35238958
1734	35238961
1735	35238971
1736	35238983
1737	35238995
1738	35239008
1739	35239012
1740	35239021
1741	35239033
1742	35239057
1743	35239069
1744	35239070
1745	35239082
1746	35239094
1747	35239100
1748	35239112
1749	35239124
1750	35239136
1751	35239148
1752	35239159
1753	35239161
1754	35239173
1755	35239185
1756	35239197
1757	35239203
1758	35239215
1759	35239227
1760	35239239
1761	35239240
1762	35239264
1763	35239276
1764	35239288
1765	35239297
1766	35239306
1767	35239318
1768	35239324
1769	35239331
1770	35239343
1771	35239355
1772	35239367
1773	35239379
1774	35239380
1775	35239392
1776	35239409
1777	35239410
1778	35239422
1779	35239434
1780	35239446
1781	35239458
1782	35239461
1783	35239471
1784	35239495
1785	35239501
1786	35239513
1787	35239525
1788	35239537
1789	35239549
1790	35239550
1791	35239562
1792	35239574
1793	35239586
1794	35239598
1795	35242196
1796	35242202
1797	35242214
1798	35242226
1799	35242248
1800	35242251
1801	35242263
1802	35242275
1803	35242287
1804	35242299
1805	35242317
1806	35243589
1807	35243590
1808	35243607
1809	35243619
1810	35243693
1811	35245148
1812	35245159
1813	35245173
1814	35245185
1815	35245987
1816	35246116
1817	35246220
1818	35246360
1819	35246499
1820	35246645
1821	35247546
1822	35247558
1823	35248393
1824	35249312
1825	35249324
1826	35249749
1827	35249750
1828	35249762
1829	35249774
1830	35249786
1831	35249798
1832	35249804
1833	35249816
1834	35249828
1835	35249993
1836	35250211
1837	35250260
1838	35250296
1839	35250405
1840	35250512
1841	35251008
1842	35251264
1843	35251598
1844	35251987
1845	35252037
1846	35252165
1847	35252207
1848	35252323
1849	35252335
1850	35253571
1851	35253741
1852	35253923
1853	35253935
1854	35255361
1855	35255440
1856	35255452
1857	35255497
1858	35255555
1859	35255592
1860	35255610
1861	35255634
1862	35255661
1863	35255671
1864	35255737
1865	35256432
1866	35256456
1867	35256468
1868	35256473
1869	35256481
1870	35256493
1871	35256500
1872	35256511
1873	35256523
1874	35256535
1875	35256547
1876	35256596
1877	35256808
1878	35256812
1879	35257175
1880	35257187
1881	35257205
1882	35257527
1883	35257813
1884	35258039
1885	35258124
1886	35258428
1887	35258436
1888	35258532
1889	35258842
1890	35258878
1891	35259214
1892	35259305
1893	35259329
1894	35259342
1895	35259385
1896	35259421
1897	35259731
1898	35259780
1899	35259810
1900	35259834
1901	35260101
1902	35260162
1903	35260228
1904	35260289
1905	35260373
1906	35260381
1907	35260393
1908	35260423
1909	35260824
1910	35260885
1911	35260903
1912	35260915
1913	35260939
1914	35260940
1915	35262699
1916	35262742
1917	35263357
1918	35263795
1919	35263928
1920	35264143
1921	35264672
1922	35264921
1923	35265147
1924	35265299
1925	35265330
1926	35265342
1927	35265536
1928	35265895
1929	35265925
1930	35265998
1931	35266097
1932	35266127
1933	35266139
1934	35266197
1935	35266206
1936	35266218
1937	35266224
1938	35266231
1939	35266243
1940	35266395
1941	35266401
1942	35266437
1943	35266474
1944	35266504
1945	35266516
1946	35266565
1947	35266577
1948	35266619
1949	35266632
1950	35266656
1951	35268999
1952	35266759
1953	35266760
1954	35266772
1955	35266796
1956	35266802
1957	35266838
1958	35268094
1959	35266875
1960	35266899
1961	35266930
1962	35266954
1963	35266991
1964	35267028
1965	35267036
1966	35267041
1967	35267077
1968	35267119
1969	35267880
1970	35267971
1971	35267983
1972	35268012
1973	35268021
1974	35268082
1975	35268100
1976	35268112
1977	35268124
1978	35268276
1979	35268288
1980	35268379
1981	35268380
1982	35268690
1983	35268720
1984	35268938
1985	35268948
1986	35268987
1987	35269025
1988	35269189
1989	35269190
1990	35269300
1991	35269359
1992	35269360
1993	35269372
1994	35269384
1995	35269475
1996	35269499
1997	35269505
1998	35270386
1999	35270398
2000	35270404
2001	35270623
2002	35270635
2003	35270647
2004	35271007
2005	35271019
2006	35271020
2007	35271032
2008	35271044
2009	35271056
2010	35271068
2011	35271073
2012	35271081
2013	35271093
2014	35271100
2015	35271111
2016	35271123
2017	35271135
2018	35271147
2019	35271159
2020	35271160
2021	35271172
2022	35271184
2023	35271196
2024	35271202
2025	35271214
2026	35271226
2027	35271238
2028	35271248
2029	35271251
2030	35271792
2031	35274070
2032	35275013
2033	35275323
2034	35276133
2035	35276157
2036	35278920
2037	35278932
2038	35278944
2039	35279080
2040	35279249
2041	35279250
2042	35279262
2043	35279274
2044	35279286
2045	35279298
2046	35279304
2047	35279316
2048	35279328
2049	35279336
2050	35279341
2051	35279353
2052	35279365
2053	35279377
2054	35279389
2055	35279894
2056	35280331
2057	35280343
2058	35280355
2059	35280422
2060	35280434
2061	35280446
2062	35280458
2063	35280461
2064	35280471
2065	35280483
2066	35280616
2067	35280636
2068	35280653
2069	35280677
2070	35280719
2071	35280823
2072	35280835
2073	35280847
2074	35280859
2075	35280860
2076	35280872
2077	35280884
2078	35281438
2079	35282285
2080	35282297
2081	35282303
2082	35282315
2083	35282327
2084	35282339
2085	35282340
2086	35282352
2087	35282364
2088	35282376
2089	35282388
2090	35282397
2091	35282479
2092	35282480
2093	35283289
2094	35283551
2095	35283605
2096	35283617
2097	35283885
2098	35283903
2099	35284300
2100	35284324
2101	35284749
2102	35285584
2103	35285614
2104	35285663
2105	35285791
2106	35285808
2107	35286308
2108	35286394
2109	35286448
2110	35286497
2111	35286503
2112	35286539
2113	35286540
2114	35286552
2115	35286576
2116	35286655
2117	35286916
2118	35286928
2119	35286941
2120	35287039
2121	35287040
2122	35287076
2123	35287258
2124	35287295
2125	35287301
2126	35287313
2127	35287436
2128	35287441
2129	35287519
2130	35287532
2131	35287556
2132	35287568
2133	35287581
2134	35287672
2135	35287748
2136	35287912
2137	35288184
2138	35288226
2139	35288238
2140	35288251
2141	35288494
2142	35288512
2143	35288536
2144	35288559
2145	35288561
2146	35288573
2147	35288597
2148	35288676
2149	35288697
2150	35288724
2151	35288731
2152	35288743
2153	35288755
2154	35288925
2155	35289292
2156	35289334
2157	35289929
2158	35290038
2159	35290166
2160	35290178
2161	35290373
2162	35290415
2163	35290427
2164	35290543
2165	35290579
2166	35290701
2167	35290841
2168	35290919
2169	35290993
2170	35291018
2171	35291031
2172	35291195
2173	35291481
2174	35291500
2175	35291511
2176	35291766
2177	35292175
2178	35292564
2179	35292576
2180	35292588
2181	35292643
2182	35292655
2183	35292667
2184	35292680
2185	35292709
2186	35292710
2187	35292734
2188	35292746
2189	35292771
2190	35292783
2191	35292837
2192	35292849
2193	35292850
2194	35292862
2195	35292874
2196	35292898
2197	35292916
2198	35293003
2199	35293027
2200	35293039
2201	35293064
2202	35293088
2203	35293097
2204	35293106
2205	35293124
2206	35293155
2207	35293234
2208	35293246
2209	35293261
2210	35293337
2211	35293349
2212	35293374
2213	35293441
2214	35293453
2215	35293465
2216	35293490
2217	35293520
2218	35293532
2219	35293556
2220	35293568
2221	35293593
2222	35293611
2223	35293635
2224	35293659
2225	35293660
2226	35293672
2227	35293684
2228	35293702
2229	35293738
2230	35293775
2231	35293799
2232	35293817
2233	35293829
2234	35293830
2235	35293842
2236	35293854
2237	35293885
2238	35293891
2239	35293912
2240	35293921
2241	35293933
2242	35293945
2243	35293969
2244	35293970
2245	35293982
2246	35293994
2247	35294019
2248	35294020
2249	35294056
2250	35294068
2251	35294100
2252	35294123
2253	35294172
2254	35294184
2255	35294214
2256	35294238
2257	35294248
2258	35294263
2259	35294299
2260	35294305
2261	35294330
2262	35294354
2263	35294385
2264	35295206
2265	35294408
2266	35294512
2267	35294573
2268	35294597
2269	35294724
2270	35294755
2271	35294767
2272	35294780
2273	35294810
2274	35294861
2275	35294895
2276	35294925
2277	35294962
2278	35294974
2279	35295036
2280	35295164
2281	35295176
2282	35295188
2283	35295224
2284	35295231
2285	35295243
2286	35295310
2287	35295322
2288	35295334
2289	35295346
2290	35295401
2291	35295450
2292	35295462
2293	35295589
2294	35295619
2295	35295656
2296	35295681
2297	35295929
2298	35295930
2299	35295942
2300	35295985
2301	35296004
2302	35296016
2303	35296211
2304	35296223
2305	35296314
2306	35296326
2307	35296405
2308	35296454
2309	35296569
2310	35296624
2311	35296636
2312	35296740
2313	35296752
2314	35297410
2315	35297501
2316	35297574
2317	35297586
2318	35297616
2319	35298177
2320	35298189
2321	35298190
2322	35298220
2323	35298232
2324	35298244
2325	35298256
2326	35298268
2327	35298273
2328	35298281
2329	35298293
2330	35298300
2331	35298311
2332	35298323
2333	35298645
2334	35298694
2335	35299066
2336	35299297
2337	35299364
2338	35299571
2339	35299583
2340	35299595
2341	35299613
2342	35299625
2343	35299637
2344	35299686
2345	35299698
2346	35299873
2347	35299935
2348	35299972
2349	35299984
2350	35300019
2351	35300032
2352	35300068
2353	35300287
2354	35300317
2355	35300412
2356	35300433
2357	35300457
2358	35300627
2359	35300861
2360	35300871
2361	35300913
2362	35301231
2363	35301656
2364	35301985
2365	35302156
2366	35302173
2367	35302831
2368	35302855
2369	35303148
2370	35303756
2371	35304475
2372	35304487
2373	35304499
2374	35304505
2375	35304608
2376	35304612
2377	35304621
2378	35304633
2379	35304645
2380	35304682
2381	35304700
2382	35304815
2383	35304943
2384	35304992
2385	35305017
2386	35305029
2387	35305112
2388	35305388
2389	35305510
2390	35305522
2391	35305534
2392	35305571
2393	35305583
2394	35305613
2395	35305716
2396	35305765
2397	35306058
2398	35306502
2399	35306514
2400	35307592
2401	35307610
2402	35307622
2403	35307634
2404	35307658
2405	35307683
2406	35307816
2407	35307836
2408	35307841
2409	35307853
2410	35307865
2411	35307877
2412	35307889
2413	35307932
2414	35307944
2415	35307956
2416	35307968
2417	35307973
2418	35307981
2419	35307993
2420	35308006
2421	35308821
2422	35308900
2423	35308912
2424	35308924
2425	35308961
2426	35309059
2427	35309217
2428	35309266
2429	35309485
2430	35309813
2431	35310505
2432	35310694
2433	35310712
2434	35310748
2435	35310797
2436	35310955
2437	35311406
2438	35311571
2439	35311716
2440	35311728
2441	35312204
2442	35312373
2443	35312381
2444	35312423
2445	35312587
2446	35312629
2447	35312685
2448	35312691
2449	35313524
2450	35313661
2451	35314511
2452	35314547
2453	35314717
2454	35315163
2455	35315242
2456	35315291
2457	35315333
2458	35315345
2459	35315369
2460	35315382
2461	35316623
2462	35317408
2463	35317627
2464	35317949
2465	35318218
2466	35319272
2467	35319739
2468	35320006
2469	35320183
2470	35320778
2471	35320808
2472	35320870
2473	35320924
2474	35320936
2475	35321059
2476	35321485
2477	35342981
2478	35321655
2479	35321679
2480	35321692
2481	35321709
2482	35322039
2483	35322261
2484	35322349
2485	35322520
2486	35322805
2487	35323020
2488	35323135
2489	35323287
2490	35323412
2491	35323559
2492	35323901
2493	35324197
2494	35324887
2495	35324899
2496	35324917
2497	35324954
2498	35325181
2499	35325429
2500	35325485
2501	35325512
2502	35325594
2503	35326252
2504	35326367
2505	35327694
2506	35328418
2507	35328753
2508	35328844
2509	35334364
2510	35329204
2511	35329265
2512	35329319
2513	35352652
2514	35329708
2515	35329782
2516	35329824
2517	35329859
2518	35330206
2519	35330401
2520	35331351
2521	35331570
2522	35331600
2523	35331971
2524	35332082
2525	35333943
2526	35334091
2527	35334352
2528	35334583
2529	35335022
2530	35335472
2531	35335496
2532	35335551
2533	35335587
2534	35335782
2535	35335794
2536	35336579
2537	35336661
2538	35336683
2539	35337161
2540	35337274
2541	35337596
2542	35337651
2543	35337948
2544	35337961
2545	35338473
2546	35338540
2547	35340340
2548	35341022
2549	35341976
2550	35342105
2551	35342968
2552	35343079
2553	35343134
2554	35343328
2555	35343377
2556	35343419
2557	35343572
2558	35343596
2559	35343638
2560	35343742
2561	35343959
2562	35344205
2563	35344230
2564	35344837
2565	35345118
2566	35346378
2567	35346445
2568	35346470
2569	35346640
2570	35346724
2571	35346810
2572	35347024
2573	35347224
2574	35347231
2575	35347309
2576	35347450
2577	35348119
2578	35348934
2579	35349324
2580	35350000
2581	35350126
2582	35350936
2583	35351283
2584	35351313
2585	35351398
2586	35351404
2587	35351436
2588	35352573
2589	35352627
2590	35353152
2591	35353188
2592	35353279
2593	35353280
2594	35353309
2595	35353449
2596	35353474
2597	35353486
2598	35354454
2599	35354685
2600	35354715
2601	35354727
2602	35355185
2603	35355562
2604	35355811
2605	35356566
2606	35356591
2607	35356612
2608	35356621
2609	35356712
2610	35356736
2611	35356748
2612	35356759
2613	35356761
2614	35356773
2615	35356803
2616	35356815
2617	35356852
2618	35357005
2619	35357017
2620	35357030
2621	35357066
2622	35357085
2623	35357091
2624	35357108
2625	35357112
2626	35357121
2627	35357133
2628	35359993
2629	35360284
2630	35360454
2631	35361677
2632	35362839
2633	35362992
2634	35363017
2635	35363054
2636	35363066
2637	35363085
2638	35363091
2639	35363273
2640	35363315
2641	35363595
2642	35364435
2643	35365105
2644	35365592
2645	35365622
2646	35365695
2647	35366353
2648	35367722
2649	35367734
2650	35368994
2651	35370575
2652	35371439
2653	35371488
2654	35371981
2655	35372092
2656	35374283
2657	35374957
2658	35375724
2659	35375780
2660	35376243
2661	35376322
2662	35376942
2663	35376966
2664	35378720
2665	35378951
2666	35380222
2667	35380805
2668	35380829
2669	35380908
2670	35380970
2671	35381007
2672	35381019
2673	35381044
2674	35381073
2675	35381081
2676	35381111
2677	35381123
2678	35381160
2679	35382565
2680	35382700
2681	35383247
2682	35383348
2683	35383429
2684	35383430
2685	35383946
2686	35384343
2687	35384355
2688	35384409
2689	35384422
2690	35384446
2691	35384835
2692	35385153
2693	35385585
2694	35385670
2695	35385864
2696	35387290
2697	35387332
2698	35387411
2699	35388117
2700	35388129
2701	35388142
2702	35388166
2703	35388245
2704	35388324
2705	35388524
2706	35388579
2707	35388701
2708	35388737
2709	35388750
2710	35388762
2711	35389389
2712	35389473
2713	35390586
2714	35390598
2715	35390604
2716	35390616
2717	35390690
2718	35390781
2719	35391050
2720	35391136
2721	35391189
2722	35391190
2723	35391207
2724	35391220
2725	35391244
2726	35391273
2727	35391281
2728	35391612
2729	35391657
2730	35391724
2731	35391736
2732	35391761
2733	35391773
2734	35391797
2735	35391840
2736	35391918
2737	35391992
2738	35392315
2739	35392832
2740	35392873
2741	35392947
2742	35393061
2743	35393236
2744	35393277
2745	35393400
2746	35393964
2747	35395249
2748	35396096
2749	35396126
2750	35396163
2751	35396539
2752	35396588
2753	35396692
2754	35396801
2755	35397015
2756	35397064
2757	35397088
2758	35397131
2759	35397271
2760	35397453
2761	35397465
2762	35397477
2763	35397775
2764	35398238
2765	35398408
2766	35399197
2767	35399474
2768	35399516
2769	35399681
2770	35399693
2771	35399700
2772	35399930
2773	35400051
2774	35400063
2775	35400075
2776	35400087
2777	35400099
2778	35400324
2779	35400973
2780	35401353
2781	35402312
2782	35402631
2783	35402758
2784	35403118
2785	35403210
2786	35404664
2787	35404974
2788	35405085
2789	35405197
2790	35405243
2791	35405322
2792	35406193
2793	35406569
2794	35407318
2795	35407343
2796	35407884
2797	35407896
2798	35407975
2799	35408128
2800	35408136
2801	35408244
2802	35408268
2803	35408360
2804	35408384
2805	35408463
2806	35408566
2807	35408608
2808	35409169
2809	35409601
2810	35409613
2811	35409637
2812	35410159
2813	35410697
2814	35410743
2815	35410937
2816	35410962
2817	35410998
2818	35411103
2819	35411139
2820	35411152
2821	35412173
2822	35412995
2823	35413008
2824	35413012
2825	35414025
2826	35414049
2827	35414074
2828	35414098
2829	35414232
2830	35414281
2831	35414323
2832	35414360
2833	35414396
2834	35414426
2835	35414475
2836	35414612
2837	35414670
2838	35414815
2839	35414852
2840	35414864
2841	35415108
2842	35415376
2843	35415388
2844	35415397
2845	35415406
2846	35415418
2847	35415443
2848	35416939
2849	35416976
2850	35417051
2851	35417063
2852	35417294
2853	35417348
2854	35417361
2855	35417397
2856	35417415
2857	35417440
2858	35417518
2859	35418122
2860	35418161
2861	35418213
2862	35418250
2863	35418286
2864	35418341
2865	35418808
2866	35419096
2867	35419285
2868	35419345
2869	35419357
2870	35419369
2871	35419394
2872	35419436
2873	35419461
2874	35419588
2875	35419680
2876	35419746
2877	35419801
2878	35419977
2879	35420050
2880	35420451
2881	35420517
2882	35420529
2883	35420736
2884	35420897
2885	35421259
2886	35421340
2887	35421352
2888	35421561
2889	35421571
2890	35421595
2891	35421856
2892	35422204
2893	35423609
2894	35424134
2895	35424161
2896	35424195
2897	35427809
2898	35427858
2899	35427861
2900	35428073
2901	35428267
2902	35428279
2903	35428693
2904	35429223
2905	35428700
2906	35428711
2907	35428747
2908	35428759
2909	35428848
2910	35428851
2911	35428863
2912	35428875
2913	35428887
2914	35428905
2915	35428929
2916	35428978
2917	35428985
2918	35428991
2919	35429004
2920	35429016
2921	35429028
2922	35429036
2923	35429156
2924	35429235
2925	35429284
2926	35429296
2927	35429302
2928	35429338
2929	35429375
2930	35429405
2931	35429569
2932	35429570
2933	35429612
2934	35429624
2935	35429703
2936	35429831
2937	35430377
2938	35430547
2939	35430742
2940	35430754
2941	35430766
2942	35430778
2943	35430821
2944	35431011
2945	35431023
2946	35431035
2947	35431059
2948	35431459
2949	35431497
2950	35431503
2951	35431515
2952	35431527
2953	35431539
2954	35431576
2955	35431746
2956	35431898
2957	35432015
2958	35432027
2959	35432222
2960	35432261
2961	35432271
2962	35432283
2963	35432350
2964	35432362
2965	35432398
2966	35432490
2967	35432520
2968	35432532
2969	35432544
2970	35432556
2971	35432581
2972	35432600
2973	35432611
2974	35432623
2975	35432702
2976	35432714
2977	35432787
2978	35432799
2979	35432854
2980	35432878
2981	35432885
2982	35432891
2983	35432912
2984	35432921
2985	35432933
2986	35432945
2987	35432969
2988	35432970
2989	35432982
2990	35433020
2991	35433032
2992	35433044
2993	35433056
2994	35433068
2995	35433073
2996	35433081
2997	35433093
2998	35433100
2999	35433111
3000	35433123
3001	35433135
3002	35433147
3003	35433159
3004	35433202
3005	35433329
3006	35433330
3007	35433354
3008	35433366
3009	35433378
3010	35433408
3011	35433421
3012	35433482
3013	35433500
3014	35433524
3015	35433603
3016	35433615
3017	35433652
3018	35433664
3019	35433718
3020	35433731
3021	35433743
3022	35433810
3023	35433822
3024	35433846
3025	35433858
3026	35433913
3027	35433925
3028	35433937
3029	35433998
3030	35434012
3031	35434085
3032	35434097
3033	35434103
3034	35434115
3035	35434127
3036	35434140
3037	35434188
3038	35434231
3039	35434243
3040	35434279
3041	35434292
3042	35434425
3043	35434437
3044	35434449
3045	35434516
3046	35434528
3047	35434541
3048	35434632
3049	35434681
3050	35434723
3051	35434735
3052	35434747
3053	35434759
3054	35434772
3055	35434826
3056	35434978
3057	35434991
3058	35435077
3059	35435120
3060	35435156
3061	35435168
3062	35435181
3063	35435223
3064	35435235
3065	35435247
3066	35435284
3067	35435326
3068	35435338
3069	35435348
3070	35435351
3071	35435405
3072	35435570
3073	35435582
3074	35435594
3075	35435600
3076	35435673
3077	35435685
3078	35435818
3079	35435824
3080	35436173
3081	35437050
3082	35437773
3083	35437785
3084	35437840
3085	35438005
3086	35438017
3087	35438042
3088	35438054
3089	35438112
3090	35438121
3091	35438133
3092	35438170
3093	35438236
3094	35438248
3095	35438285
3096	35438315
3097	35438340
3098	35438364
3099	35438376
3100	35438388
3101	35438397
3102	35438418
3103	35438424
3104	35438467
3105	35438480
3106	35438522
3107	35438534
3108	35438613
3109	35438625
3110	35438662
3111	35438686
3112	35438698
3113	35438728
3114	35438820
3115	35439083
3116	35439101
3117	35439125
3118	35439186
3119	35439216
3120	35439265
3121	35439277
3122	35439289
3123	35439356
3124	35439447
3125	35439745
3126	35440024
3127	35440528
3128	35440620
3129	35440681
3130	35440693
3131	35440735
3132	35440796
3133	35440802
3134	35440848
3135	35440930
3136	35440942
3137	35440954
3138	35441120
3139	35441168
3140	35441173
3141	35441193
3142	35441200
3143	35441211
3144	35441223
3145	35441296
3146	35441314
3147	35441348
3148	35441351
3149	35441491
3150	35441512
3151	35441557
3152	35441600
3153	35441659
3154	35441661
3155	35441685
3156	35441739
3157	35441740
3158	35442033
3159	35442045
3160	35442161
3161	35442173
3162	35442276
3163	35442297
3164	35442343
3165	35442379
3166	35442392
3167	35442495
3168	35442537
3169	35442604
3170	35442616
3171	35442653
3172	35442665
3173	35442811
3174	35442835
3175	35442859
3176	35442902
3177	35442926
3178	35443104
3179	35443153
3180	35443189
3181	35443190
3182	35443220
3183	35443281
3184	35443293
3185	35443300
3186	35443323
3187	35443335
3188	35443414
3189	35443448
3190	35443463
3191	35443487
3192	35443499
3193	35443554
3194	35443578
3195	35443585
3196	35443612
3197	35443621
3198	35443669
3199	35443670
3200	35443682
3201	35443694
3202	35443700
3203	35443736
3204	35443761
3205	35443827
3206	35443840
3207	35443864
3208	35443876
3209	35443888
3210	35443897
3211	35443906
3212	35443918
3213	35443924
3214	35444005
3215	35444042
3216	35444121
3217	35444157
3218	35444169
3219	35444182
3220	35444224
3221	35444261
3222	35444327
3223	35444364
3224	35444376
3225	35444479
3226	35444480
3227	35444509
3228	35444522
3229	35444534
3230	35444637
3231	35444698
3232	35444741
3233	35444753
3234	35444765
3235	35444777
3236	35444790
3237	35444819
3238	35444893
3239	35444923
3240	35444935
3241	35444947
3242	35444959
3243	35445022
3244	35445034
3245	35445046
3246	35445058
3247	35445061
3248	35445083
3249	35445113
3250	35445162
3251	35445186
3252	35445198
3253	35445204
3254	35445241
3255	35445332
3256	35445373
3257	35445400
3258	35445460
3259	35445484
3260	35445496
3261	35445514
3262	35445526
3263	35445538
3264	35445563
3265	35445605
3266	35445630
3267	35445685
3268	35445859
3269	35445861
3270	35445885
3271	35445988
3272	35445997
3273	35446051
3274	35446063
3275	35446075
3276	35446117
3277	35446129
3278	35446166
3279	35446191
3280	35446233
3281	35446245
3282	35446440
3283	35446661
3284	35446671
3285	35446683
3286	35446701
3287	35446750
3288	35446762
3289	35446865
3290	35446932
3291	35446944
3292	35446968
3293	35447006
3294	35447122
3295	35447134
3296	35447146
3297	35447201
3298	35447249
3299	35447250
3300	35447262
3301	35447316
3302	35447328
3303	35447353
3304	35447377
3305	35447389
3306	35447420
3307	35447663
3308	35447766
3309	35448060
3310	35448151
3311	35448163
3312	35448187
3313	35448230
3314	35448291
3315	35448308
3316	35448369
3317	35448459
3318	35448783
3319	35449015
3320	35449027
3321	35449040
3322	35449179
3323	35449453
3324	35449477
3325	35449490
3326	35449581
3327	35449647
3328	35449660
3329	35449672
3330	35449684
3331	35449696
3332	35449702
3333	35449714
3334	35449726
3335	35449738
3336	35449748
3337	35449775
3338	35449799
3339	35449805
3340	35449830
3341	35449969
3342	35450085
3343	35450091
3344	35450108
3345	35450170
3346	35450182
3347	35450200
3348	35450248
3349	35450376
3350	35450479
3351	35450534
3352	35450625
3353	35450637
3354	35450807
3355	35450923
3356	35450935
3357	35450960
3358	35450972
3359	35451046
3360	35451411
3361	35451666
3362	35451733
3363	35451745
3364	35452014
3365	35452038
3366	35452221
3367	35452233
3368	35452543
3369	35452804
3370	35453171
3371	35454382
3372	35454564
3373	35454734
3374	35454977
3375	35455131
3376	35455167
3377	35455313
3378	35456100
3379	35456147
3380	35456159
3381	35456160
3382	35456196
3383	35456299
3384	35456342
3385	35456354
3386	35456597
3387	35456697
3388	35456706
3389	35456731
3390	35456792
3391	35456809
3392	35456822
3393	35456834
3394	35456846
3395	35456858
3396	35456871
3397	35456883
3398	35456895
3399	35456901
3400	35456913
3401	35456949
3402	35456950
3403	35456962
3404	35456974
3405	35457059
3406	35457085
3407	35457103
3408	35457164
3409	35457176
3410	35457206
3411	35457224
3412	35457346
3413	35457577
3414	35457589
3415	35457656
3416	35457700
3417	35457759
3418	35457760
3419	35457826
3420	35457930
3421	35458036
3422	35458041
3423	35460631
3424	35460655
3425	35460679
3426	35460734
3427	35460761
3428	35460801
3429	35460825
3430	35460849
3431	35460953
3432	35461039
3433	35461064
3434	35461076
3435	35461097
3436	35461143
3437	35461167
3438	35461283
3439	35461301
3440	35461325
3441	35461337
3442	35461398
3443	35461404
3444	35461416
3445	35461436
3446	35461441
3447	35461489
3448	35461520
3449	35461544
3450	35461573
3451	35461581
3452	35461623
3453	35461647
3454	35461659
3455	35461660
3456	35461684
3457	35461726
3458	35461751
3459	35461891
3460	35461908
3461	35461912
3462	35461921
3463	35462044
3464	35462100
3465	35462524
3466	35462561
3467	35462640
3468	35462731
3469	35462779
3470	35462780
3471	35462809
3472	35462810
3473	35462834
3474	35462858
3475	35462895
3476	35462962
3477	35462998
3478	35463103
3479	35463139
3480	35463152
3481	35463164
3482	35463176
3483	35463197
3484	35463218
3485	35463224
3486	35463279
3487	35463449
3488	35463536
3489	35463553
3490	35463565
3491	35463577
3492	35463607
3493	35463619
3494	35463620
3495	35463848
3496	35463930
3497	35463954
3498	35464016
3499	35464028
3500	35464089
3501	35464132
3502	35464173
3503	35464181
3504	35464193
3505	35464211
3506	35464223
3507	35464235
3508	35464272
3509	35464326
3510	35464417
3511	35464429
3512	35464430
3513	35464659
3514	35464661
3515	35464673
3516	35464818
3517	35464909
3518	35464961
3519	35465574
3520	35465719
3521	35466712
3522	35466803
3523	35467042
3524	35467054
3525	35467085
3526	35467108
3527	35467170
3528	35467182
3529	35467406
3530	35467546
3531	35467789
3532	35468034
3533	35468290
3534	35468344
3535	35468423
3536	35468551
3537	35468617
3538	35468629
3539	35468642
3540	35468745
3541	35468770
3542	35468794
3543	35468903
3544	35468940
3545	35469026
3546	35469038
3547	35469048
3548	35469245
3549	35469300
3550	35469312
3551	35469713
3552	35469932
3553	35469944
3554	35470200
3555	35470260
3556	35470430
3557	35470454
3558	35470466
3559	35470485
3560	35470727
3561	35470776
3562	35470818
3563	35470879
3564	35470880
3565	35470909
3566	35470946
3567	35470958
3568	35470971
3569	35471012
3570	35471021
3571	35471033
3572	35471297
3573	35471422
3574	35471665
3575	35471781
3576	35471860
3577	35471896
3578	35472025
3579	35472128
3580	35472177
3581	35472256
3582	35472293
3583	35472335
3584	35472426
3585	35472475
3586	35472487
3587	35472499
3588	35472517
3589	35472633
3590	35472700
3591	35472759
3592	35472797
3593	35472803
3594	35472924
3595	35473170
3596	35473200
3597	35473212
3598	35473625
3599	35473686
3600	35474241
3601	35474373
3602	35474548
3603	35474575
3604	35474587
3605	35474599
3606	35474642
3607	35474654
3608	35474708
3609	35474721
3610	35474733
3611	35474794
3612	35474800
3613	35474812
3614	35474836
3615	35475245
3616	35475786
3617	35475968
3618	35475981
3619	35476195
3620	35476249
3621	35476365
3622	35476407
3623	35476473
3624	35476481
3625	35476572
3626	35476821
3627	35476833
3628	35476845
3629	35477175
3630	35477217
3631	35477254
3632	35477278
3633	35477333
3634	35477515
3635	35477527
3636	35477606
3637	35477679
3638	35477758
3639	35477886
3640	35477898
3641	35477916
3642	35477936
3643	35477965
3644	35478076
3645	35478180
3646	35478246
3647	35478258
3648	35478271
3649	35478283
3650	35478362
3651	35478386
3652	35478398
3653	35478404
3654	35478416
3655	35478507
3656	35478520
3657	35478556
3658	35478581
3659	35478593
3660	35478600
3661	35478672
3662	35478684
3663	35478702
3664	35478738
3665	35478878
3666	35478885
3667	35478945
3668	35478957
3669	35478969
3670	35478970
3671	35479019
3672	35479135
3673	35479251
3674	35479275
3675	35479287
3676	35479482
3677	35479512
3678	35479524
3679	35479548
3680	35479597
3681	35479603
3682	35479615
3683	35479640
3684	35479652
3685	35479688
3686	35479822
3687	35480125
3688	35480289
3689	35480307
3690	35480319
3691	35480332
3692	35480460
3693	35480502
3694	35480551
3695	35480563
3696	35480575
3697	35480605
3698	35480666
3699	35480733
3700	35480745
3701	35480848
3702	35480873
3703	35480885
3704	35480939
3705	35480964
3706	35481129
3707	35481154
3708	35481178
3709	35481294
3710	35481300
3711	35481464
3712	35481610
3713	35481622
3714	35481804
3715	35481828
3716	35481865
3717	35481889
3718	35481944
3719	35482018
3720	35482024
3721	35482043
3722	35482055
3723	35482079
3724	35482109
3725	35482134
3726	35482225
3727	35482237
3728	35482250
3729	35482262
3730	35482365
3731	35482389
3732	35482407
3733	35482444
3734	35482547
3735	35482560
3736	35482626
3737	35482651
3738	35482663
3739	35482675
3740	35482687
3741	35482717
3742	35482742
3743	35482766
3744	35482791
3745	35482808
3746	35482812
3747	35482821
3748	35482833
3749	35482912
3750	35482936
3751	35483059
3752	35483060
3753	35483126
3754	35483369
3755	35486802
3756	35559337
3757	35559374
3758	35559386
3759	35559702
3760	35559714
3761	35559726
3762	35559738
3763	35559748
3764	35559751
3765	35559763
3766	35559775
3767	35559787
3768	35800089
3769	35800090
3770	35800132
3771	35800193
3772	35800211
3773	35800259
3774	35800284
3775	35800296
3776	35800570
3777	35800612
3778	35800624
3779	35800648
3780	35800661
3781	35800673
3782	35800685
3783	35800703
3784	35800715
3785	35800740
3786	35800788
3787	35800797
3788	35800843
3789	35800855
3790	35800880
3791	35800892
3792	35800946
3793	35800958
3794	35800971
3795	35800983
3796	35800995
3797	35801008
3798	35801012
3799	35801033
3800	35801057
3801	35801070
3802	35801094
3803	35801100
3804	35801148
3805	35801159
3806	35801185
3807	35801197
3808	35801215
3809	35801239
3810	35801252
3811	35801288
3812	35801306
3813	35801318
3814	35801331
3815	35801343
3816	35801379
3817	35801380
3818	35801409
3819	35801434
3820	35801458
3821	35801483
3822	35801501
3823	35801537
3824	35801773
3825	35802050
3826	35802128
3827	35802207
3828	35802335
3829	35802487
3830	35802645
3831	35802670
3832	35802700
3833	35802724
3834	35802736
3835	35802748
3836	35802761
3837	35802815
3838	35803259
3839	35803273
3840	35803807
3841	35803819
3842	35803820
3843	35805063
3844	35805427
3845	35805439
3846	35805440
3847	35805452
3848	35805464
3849	35805476
3850	35805567
3851	35805580
3852	35806146
3853	35806286
3854	35806298
3855	35806304
3856	35806316
3857	35806328
3858	35806341
3859	35806419
3860	35806420
3861	35806432
3862	35806444
3863	35806456
3864	35806614
3865	35806626
3866	35806651
3867	35806705
3868	35806717
3869	35806742
3870	35806821
3871	35806857
3872	35806870
3873	35806900
3874	35806912
3875	35806924
3876	35806948
3877	35806961
3878	35806973
3879	35806997
3880	35807000
3881	35807011
3882	35807023
3883	35807035
3884	35807047
3885	35807096
3886	35807114
3887	35807138
3888	35807148
3889	35807151
3890	35807187
3891	35807266
3892	35807278
3893	35807285
3894	35807333
3895	35807345
3896	35807370
3897	35807394
3898	35807400
3899	35807552
3900	35807576
3901	35807618
3902	35807709
3903	35807710
3904	35807758
3905	35807771
3906	35807813
3907	35807825
3908	35807904
3909	35808003
3910	35808088
3911	35808209
3912	35808210
3913	35808222
3914	35808301
3915	35808593
3916	35808635
3917	35808647
3918	35808659
3919	35809287
3920	35809305
3921	35809482
3922	35809573
3923	35809585
3924	35809676
3925	35809688
3926	35809706
3927	35810022
3928	35810046
3929	35810058
3930	35810307
3931	35810526
3932	35810538
3933	35810548
3934	35810551
3935	35810617
3936	35810629
3937	35810630
3938	35810654
3939	35811105
3940	35811245
3941	35811385
3942	35811397
3943	35811658
3944	35811725
3945	35811762
3946	35811798
3947	35811816
3948	35811890
3949	35811919
3950	35811932
3951	35811973
3952	35812353
3953	35812377
3954	35812390
3955	35812419
3956	35812420
3957	35812468
3958	35812481
3959	35812511
3960	35812547
3961	35812596
3962	35812602
3963	35812687
3964	35812705
3965	35812729
3966	35812730
3967	35812754
3968	35812833
3969	35812882
3970	35812894
3971	35812912
3972	35812924
3973	35812936
3974	35812961
3975	35812985
3976	35813011
3977	35813035
3978	35813059
3979	35813060
3980	35813114
3981	35813138
3982	35813148
3983	35813175
3984	35813199
3985	35813205
3986	35813230
3987	35813254
3988	35813266
3989	35813278
3990	35813285
3991	35813291
3992	35813321
3993	35813370
3994	35813436
3995	35813485
3996	35813497
3997	35813527
3998	35813597
3999	35813606
4000	35813631
4001	35813643
4002	35813709
4003	35813710
4004	35813734
4005	35813746
4006	35813783
4007	35813795
4008	35813837
4009	35813953
4010	35813977
4011	35813989
4012	35814003
4013	35814015
4014	35814027
4015	35814040
4016	35814052
4017	35814097
4018	35814118
4019	35814124
4020	35814131
4021	35814155
4022	35814167
4023	35814180
4024	35814209
4025	35814210
4026	35814222
4027	35814234
4028	35814258
4029	35814271
4030	35814283
4031	35814295
4032	35814325
4033	35814337
4034	35814350
4035	35814386
4036	35814556
4037	35900060
4038	35900102
4039	35901672
4040	35901684
4041	35901702
4042	35901714
4043	35901726
4044	35901738
4045	35901748
4046	35901751
4047	35901763
4048	35901775
4049	35901787
4050	35901799
4051	35902226
4052	35902238
4053	35902248
4054	35902263
4055	35902287
4056	35902299
4057	35902305
4058	35902500
4059	35902512
4060	35902524
4061	35902536
4062	35902573
4063	35902585
4064	35902597
4065	35902603
4066	35902615
4067	35902627
4068	35902639
4069	35902640
4070	35902664
4071	35902718
4072	35902724
4073	35902780
4074	35902792
4075	35902809
4076	35902810
4077	35902822
4078	35902834
4079	35902846
4080	35902858
4081	35902861
4082	35902871
4083	35902883
4084	35902895
4085	35902901
4086	35902913
4087	35902925
4088	35904173
4089	35904247
4090	35904259
4091	35904260
4092	35904272
4093	35904284
4094	35904296
4095	35904302
4096	35904314
4097	35904326
4098	35904338
4099	35904348
4100	35904569
4101	35904582
4102	35904594
4103	35904624
4104	35904636
4105	35904648
4106	35904824
4107	35904867
4108	35904879
4109	35904922
4110	35906141
4111	35906153
4112	35906165
4113	35906177
4114	35906189
4115	35906190
4116	35906207
4117	35906529
4118	35906530
4119	35906542
4120	35906554
4121	35906566
4122	35906578
4123	35906585
4124	35906591
4125	35906797
4126	35906803
4127	35906955
4128	35906967
4129	35906980
4130	35907005
4131	35907017
4132	35907029
4133	35907108
4134	35907112
4135	35907157
4136	35907194
4137	35907637
4138	35908368
4139	35908373
4140	35908400
4141	35908782
4142	35908848
4143	35908939
4144	35908940
4145	35908952
4146	35908964
4147	35908997
4148	35909002
4149	35909014
4150	35909026
4151	35909038
4152	35909048
4153	35909051
4154	35909063
4155	35909075
4156	35909087
4157	35909099
4158	35909105
4159	35909117
4160	35909129
4161	35909130
4162	35909154
4163	35909166
4164	35909178
4165	35909185
4166	35909191
4167	35909208
4168	35909212
4169	35910259
4170	35910260
4171	35910272
4172	35910284
4173	35910296
4174	35910302
4175	35910326
4176	35910338
4177	35910776
4178	35910788
4179	35910797
4180	35910818
4181	35910831
4182	35910843
4183	35910855
4184	35910995
4185	35911008
4186	35911033
4187	35911537
4188	35912268
4189	35913431
4190	35913649
4191	35913820
4192	35914678
4193	35914691
4194	35914708
4195	35914712
4196	35914721
4197	35914733
4198	35914745
4199	35914812
4200	35914824
4201	35914836
4202	35915658
4203	35915661
4204	35915671
4205	35915683
4206	35915695
4207	35915701
4208	35915725
4209	35916493
4210	35916500
4211	35916511
4212	35916523
4213	35916535
4214	35916729
4215	35916730
4216	35916742
4217	35916754
4218	35916766
4219	35916785
4220	35916791
4221	35916808
4222	35916812
4223	35917382
4224	35917394
4225	35917503
4226	35918748
4227	35918994
4228	35920265
4229	35920277
4230	35920997
4231	35921312
4232	35921324
4233	35921464
4234	35922092
4235	35922146
4236	35922250
4237	35922894
4238	35922900
4239	35922912
4240	35923047
4241	35923059
4242	35923254
4243	35923266
4244	35923278
4245	35923285
4246	35923461
4247	35923473
4248	35923497
4249	35923503
4250	35923515
4251	35923527
4252	35923539
4253	35923540
4254	35923552
4255	35923564
4256	35923576
4257	35923588
4258	35923597
4259	35923606
4260	35923618
4261	35923624
4262	35923667
4263	35923679
4264	35923692
4265	35923795
4266	35923813
4267	35923916
4268	35923990
4269	35924003
4270	35924015
4271	35924027
4272	35924209
4273	35924246
4274	35924258
4275	35924271
4276	35924374
4277	35924386
4278	35924398
4279	35924404
4280	35924490
4281	35924507
4282	35924520
4283	35924647
4284	35924684
4285	35924696
4286	35924702
4287	35924714
4288	35924726
4289	35924738
4290	35924748
4291	35924751
4292	35924763
4293	35924775
4294	35924787
4295	35924799
4296	35924805
4297	35924817
4298	35924829
4299	35925147
4300	35925159
4301	35925160
4302	35925172
4303	35925184
4304	35925196
4305	35925202
4306	35925226
4307	35925238
4308	35925251
4309	35925299
4310	35925305
4311	35925317
4312	35925329
4313	35925330
4314	35925342
4315	35925354
4316	35925366
4317	35925378
4318	35925385
4319	35925391
4320	35925408
4321	35925412
4322	35925433
4323	35925445
4324	35925457
4325	35925469
4326	35925500
4327	35925524
4328	35990012
4329	35157788
4330	35180312
4331	35181161
4332	35145038
4333	35266528
4334	35294559
4335	35431588
4336	35181171
4337	35181183
4338	35181195
4339	35001661
4340	35040319
4341	35238338
4342	35239045
4343	35311467
4344	35429442
4345	35442938
4346	35259639
4347	35267181
4348	35267193
4349	35267200
4350	35293209
4351	35293600
4352	35294147
4353	35420475
4354	35559210
4355	35925135
4356	35483096
4357	35329770
4358	35294202
4359	35323494
4360	35925767
4361	35925861
4362	35925871
4363	35925949
4364	35925998
4365	35926048
4366	35926103
4367	35980018
4368	35982167
4369	35000851
4370	35001417
4371	35103100
4372	35176965
4373	35000012
4374	35000024
4375	35000036
4376	35000048
4377	35000059
4378	35000061
4379	35000073
4380	35000085
4381	35000097
4382	35000103
4383	35000115
4384	35000127
4385	35000139
4386	35000140
4387	35000152
4388	35000164
4389	35000176
4390	35000188
4391	35000197
4392	35000206
4393	35000218
4394	35000224
4395	35000231
4396	35000243
4397	35000255
4398	35000267
4399	35000279
4400	35000280
4401	35000292
4402	35000309
4403	35000310
4404	35000322
4405	35000334
4406	35000346
4407	35000358
4408	35000361
4409	35000371
4410	35000383
4411	35000395
4412	35000401
4413	35000413
4414	35000425
4415	35000437
4416	35000449
4417	35000450
4418	35000462
4419	35000474
4420	35000486
4421	35000498
4422	35000504
4423	35000516
4424	35000528
4425	35000536
4426	35000541
4427	35000553
4428	35000565
4429	35000577
4430	35000589
4431	35000590
4432	35000607
4433	35000619
4434	35000620
4435	35000632
4436	35000644
4437	35000656
4438	35000668
4439	35000673
4440	35000681
4441	35000693
4442	35000700
4443	35000711
4444	35000723
4445	35000735
4446	35000747
4447	35000759
4448	35000760
4449	35000772
4450	35000784
4451	35000796
4452	35000802
4453	35000814
4454	35000838
4455	35000848
4456	35000863
4457	35000875
4458	35000899
4459	35000905
4460	35000917
4461	35000929
4462	35000930
4463	35000942
4464	35000954
4465	35000966
4466	35000978
4467	35000985
4468	35001004
4469	35001016
4470	35001028
4471	35001036
4472	35001041
4473	35001053
4474	35001065
4475	35001077
4476	35001089
4477	35001090
4478	35001119
4479	35001120
4480	35001132
4481	35001144
4482	35001156
4483	35001168
4484	35001173
4485	35001181
4486	35001193
4487	35001200
4488	35001211
4489	35001223
4490	35001235
4491	35001247
4492	35001259
4493	35001272
4494	35001284
4495	35001296
4496	35001302
4497	35001314
4498	35001326
4499	35001338
4500	35001348
4501	35001351
4502	35001363
4503	35001375
4504	35001387
4505	35001399
4506	35001405
4507	35001430
4508	35001442
4509	35001454
4510	35001466
4511	35001478
4512	35001485
4513	35001491
4514	35001508
4515	35001512
4516	35001521
4517	35001545
4518	35001569
4519	35001570
4520	35001582
4521	35001594
4522	35001600
4523	35001624
4524	35001636
4525	35001659
4526	35001673
4527	35001685
4528	35001697
4529	35001703
4530	35001727
4531	35001739
4532	35001740
4533	35001752
4534	35001764
4535	35001776
4536	35001788
4537	35001797
4538	35001806
4539	35001818
4540	35001824
4541	35001843
4542	35001855
4543	35001867
4544	35001879
4545	35001880
4546	35001892
4547	35001909
4548	35001910
4549	35001922
4550	35001934
4551	35001946
4552	35001958
4553	35001961
4554	35001971
4555	35001995
4556	35002008
4557	35002012
4558	35002021
4559	35002045
4560	35002057
4561	35002069
4562	35002070
4563	35002082
4564	35002094
4565	35002100
4566	35002112
4567	35002124
4568	35002136
4569	35002148
4570	35002159
4571	35002161
4572	35002173
4573	35002185
4574	35002197
4575	35002203
4576	35002227
4577	35002239
4578	35002240
4579	35002252
4580	35002264
4581	35002276
4582	35002288
4583	35002297
4584	35002318
4585	35002331
4586	35002343
4587	35002355
4588	35002367
4589	35002379
4590	35002380
4591	35002392
4592	35002409
4593	35002410
4594	35002422
4595	35002434
4596	35002446
4597	35002458
4598	35002461
4599	35002471
4600	35002483
4601	35002513
4602	35002525
4603	35002537
4604	35002549
4605	35002550
4606	35002562
4607	35002574
4608	35002586
4609	35002598
4610	35002616
4611	35002628
4612	35002636
4613	35002641
4614	35002653
4615	35002665
4616	35002677
4617	35002689
4618	35002690
4619	35002707
4620	35002719
4621	35002720
4622	35002732
4623	35002744
4624	35002756
4625	35002768
4626	35002773
4627	35002781
4628	35002793
4629	35002800
4630	35002811
4631	35002823
4632	35002835
4633	35002847
4634	35002859
4635	35002860
4636	35002872
4637	35002884
4638	35002896
4639	35002902
4640	35002914
4641	35002926
4642	35002938
4643	35002948
4644	35002951
4645	35002963
4646	35002975
4647	35002987
4648	35002999
4649	35003001
4650	35003013
4651	35003037
4652	35003049
4653	35003050
4654	35003062
4655	35003074
4656	35003086
4657	35003098
4658	35003104
4659	35003116
4660	35003128
4661	35003136
4662	35003141
4663	35003153
4664	35003165
4665	35003177
4666	35003189
4667	35003190
4668	35003207
4669	35003219
4670	35003220
4671	35003232
4672	35003244
4673	35003256
4674	35003268
4675	35003273
4676	35003281
4677	35003293
4678	35003300
4679	35003311
4680	35003323
4681	35003335
4682	35003347
4683	35003360
4684	35003372
4685	35003384
4686	35003402
4687	35003414
4688	35003426
4689	35003448
4690	35003451
4691	35003463
4692	35003475
4693	35003487
4694	35003499
4695	35003505
4696	35003517
4697	35003530
4698	35003542
4699	35003554
4700	35003566
4701	35003585
4702	35003591
4703	35003608
4704	35003612
4705	35003621
4706	35003633
4707	35003657
4708	35003669
4709	35003670
4710	35003682
4711	35003694
4712	35003700
4713	35003712
4714	35003724
4715	35003736
4716	35003748
4717	35003759
4718	35003773
4719	35003797
4720	35003803
4721	35003815
4722	35003827
4723	35003839
4724	35003840
4725	35003852
4726	35003864
4727	35003876
4728	35003888
4729	35003897
4730	35003918
4731	35003924
4732	35003931
4733	35003943
4734	35003955
4735	35003967
4736	35003980
4737	35003992
4738	35004005
4739	35004029
4740	35004030
4741	35004042
4742	35004066
4743	35004078
4744	35004085
4745	35004091
4746	35004112
4747	35004121
4748	35004133
4749	35004145
4750	35004157
4751	35004169
4752	35004170
4753	35004194
4754	35004200
4755	35004212
4756	35004224
4757	35004236
4758	35004248
4759	35004259
4760	35004273
4761	35004285
4762	35004297
4763	35004303
4764	35004315
4765	35004327
4766	35004339
4767	35004340
4768	35004352
4769	35004364
4770	35004388
4771	35004397
4772	35004406
4773	35004418
4774	35004424
4775	35004431
4776	35004443
4777	35004455
4778	35004467
4779	35004479
4780	35004480
4781	35004492
4782	35004509
4783	35004510
4784	35004522
4785	35004534
4786	35004546
4787	35004558
4788	35004561
4789	35004571
4790	35004583
4791	35004595
4792	35004601
4793	35004613
4794	35004625
4795	35004649
4796	35004662
4797	35004674
4798	35004686
4799	35004698
4800	35004704
4801	35004716
4802	35004728
4803	35004736
4804	35004741
4805	35004753
4806	35004765
4807	35004777
4808	35004789
4809	35004790
4810	35004807
4811	35004819
4812	35004820
4813	35004832
4814	35004844
4815	35004856
4816	35004868
4817	35004873
4818	35004881
4819	35004893
4820	35004900
4821	35004911
4822	35004923
4823	35004935
4824	35004947
4825	35004959
4826	35004960
4827	35004972
4828	35004984
4829	35004996
4830	35005009
4831	35005010
4832	35005022
4833	35005034
4834	35005046
4835	35005058
4836	35005061
4837	35005071
4838	35005083
4839	35005095
4840	35005113
4841	35005125
4842	35005137
4843	35005149
4844	35005150
4845	35005162
4846	35005174
4847	35005186
4848	35005198
4849	35005204
4850	35005216
4851	35005228
4852	35005236
4853	35005241
4854	35005253
4855	35005265
4856	35005277
4857	35005289
4858	35005290
4859	35005307
4860	35005319
4861	35005320
4862	35005332
4863	35005344
4864	35005356
4865	35005368
4866	35005373
4867	35005381
4868	35005393
4869	35005400
4870	35005411
4871	35005423
4872	35005435
4873	35005447
4874	35005459
4875	35005460
4876	35005472
4877	35005484
4878	35010340
4879	35017048
4880	35035580
4881	35035592
4882	35035609
4883	35035610
4884	35035622
4885	35035634
4886	35035646
4887	35035658
4888	35035661
4889	35036262
4890	35036274
4891	35036286
4892	35036298
4893	35036444
4894	35036456
4895	35036500
4896	35036559
4897	35036560
4898	35036596
4899	35036705
4900	35036717
4901	35036729
4902	35036730
4903	35036742
4904	35036754
4905	35036766
4906	35036778
4907	35036785
4908	35036791
4909	35036808
4910	35036812
4911	35036821
4912	35036959
4913	35036961
4914	35036973
4915	35036985
4916	35036997
4917	35037000
4918	35037011
4919	35037023
4920	35037035
4921	35037047
4922	35037059
4923	35037060
4924	35037072
4925	35037084
4926	35037096
4927	35037102
4928	35037333
4929	35037345
4930	35037357
4931	35037369
4932	35037370
4933	35037382
4934	35037394
4935	35037400
4936	35037412
4937	35037424
4938	35037436
4939	35037448
4940	35037459
4941	35037461
4942	35037473
4943	35037588
4944	35037597
4945	35037606
4946	35037618
4947	35037624
4948	35037643
4949	35037655
4950	35037667
4951	35037679
4952	35037680
4953	35037692
4954	35037709
4955	35037710
4956	35037722
4957	35037734
4958	35037746
4959	35037758
4960	35037761
4961	35037771
4962	35037783
4963	35037795
4964	35037801
4965	35037813
4966	35038039
4967	35038097
4968	35038106
4969	35038118
4970	35038124
4971	35038131
4972	35038143
4973	35038155
4974	35038167
4975	35038179
4976	35038180
4977	35038209
4978	35038210
4979	35038222
4980	35038234
4981	35038246
4982	35038258
4983	35038261
4984	35038271
4985	35038283
4986	35038295
4987	35038301
4988	35038313
4989	35039093
4990	35039100
4991	35039111
4992	35039123
4993	35039135
4994	35039147
4995	35039159
4996	35039172
4997	35039214
4998	35039226
4999	35039238
5000	35039248
5001	35039251
5002	35039263
5003	35039275
5004	35039287
5005	35039299
5006	35039305
5007	35039317
5008	35039342
5009	35039354
5010	35039366
5011	35039378
5012	35039385
5013	35039391
5014	35039408
5015	35040320
5016	35040332
5017	35040460
5018	35040472
5019	35040964
5020	35040976
5021	35040988
5022	35040997
5023	35041002
5024	35041014
5025	35041026
5026	35041038
5027	35041048
5028	35041051
5029	35041063
5030	35041609
5031	35041671
5032	35041683
5033	35041695
5034	35041701
5035	35041713
5036	35041725
5037	35041737
5038	35041749
5039	35041750
5040	35041762
5041	35041774
5042	35041786
5043	35041798
5044	35041804
5045	35043308
5046	35043722
5047	35043734
5048	35043746
5049	35043761
5050	35043771
5051	35043928
5052	35043936
5053	35043941
5054	35043953
5055	35044027
5056	35044261
5057	35044271
5058	35044283
5059	35044295
5060	35044301
5061	35044313
5062	35044325
5063	35044337
5064	35044349
5065	35044350
5066	35044362
5067	35044374
5068	35044386
5069	35044398
5070	35044404
5071	35044416
5072	35044428
5073	35044436
5074	35044441
5075	35044453
5076	35044465
5077	35046024
5078	35046036
5079	35046048
5080	35046059
5081	35046061
5082	35046218
5083	35046224
5084	35046243
5085	35046255
5086	35046267
5087	35046279
5088	35046280
5089	35046292
5090	35046309
5091	35046310
5092	35046334
5093	35046346
5094	35046358
5095	35046361
5096	35048021
5097	35048033
5098	35048598
5099	35048604
5100	35048616
5101	35048628
5102	35048636
5103	35048641
5104	35048653
5105	35048665
5106	35048677
5107	35048689
5108	35048690
5109	35048707
5110	35048719
5111	35048720
5112	35048732
5113	35048744
5114	35050386
5115	35050398
5116	35051561
5117	35051573
5118	35051585
5119	35051597
5120	35051603
5121	35051615
5122	35051627
5123	35051639
5124	35051640
5125	35051652
5126	35051664
5127	35051676
5128	35051688
5129	35051697
5130	35051706
5131	35051718
5132	35051724
5133	35051731
5134	35051743
5135	35051755
5136	35051767
5137	35051779
5138	35051780
5139	35051792
5140	35051809
5141	35051810
5142	35051822
5143	35051834
5144	35051846
5145	35051858
5146	35051861
5147	35051871
5148	35051883
5149	35051895
5150	35051901
5151	35051913
5152	35051925
5153	35051937
5154	35051949
5155	35051950
5156	35051962
5157	35051974
5158	35051986
5159	35051998
5160	35052000
5161	35052012
5162	35052024
5163	35052036
5164	35052048
5165	35052059
5166	35052061
5167	35052073
5168	35052085
5169	35052097
5170	35052103
5171	35052115
5172	35052127
5173	35052139
5174	35052140
5175	35052152
5176	35052164
5177	35052176
5178	35052188
5179	35052197
5180	35052206
5181	35052218
5182	35052224
5183	35052231
5184	35052243
5185	35052255
5186	35052267
5187	35052279
5188	35052280
5189	35052292
5190	35052309
5191	35052310
5192	35052322
5193	35052334
5194	35052346
5195	35052358
5196	35052361
5197	35052371
5198	35052383
5199	35052395
5200	35052401
5201	35052413
5202	35052425
5203	35052437
5204	35052449
5205	35052450
5206	35052462
5207	35052474
5208	35052486
5209	35052498
5210	35052504
5211	35052516
5212	35052528
5213	35052536
5214	35052541
5215	35052553
5216	35052565
5217	35052577
5218	35052589
5219	35052590
5220	35052607
5221	35052619
5222	35052620
5223	35052632
5224	35052644
5225	35052656
5226	35052668
5227	35052673
5228	35052681
5229	35052693
5230	35052711
5231	35052723
5232	35052735
5233	35052747
5234	35052759
5235	35052760
5236	35052772
5237	35052784
5238	35052796
5239	35052802
5240	35052814
5241	35052826
5242	35052838
5243	35052848
5244	35052851
5245	35052863
5246	35052875
5247	35052887
5248	35052899
5249	35052905
5250	35052917
5251	35052929
5252	35052930
5253	35052942
5254	35052954
5255	35052966
5256	35052978
5257	35052985
5258	35052991
5259	35053004
5260	35053016
5261	35053028
5262	35053036
5263	35053041
5264	35053053
5265	35053065
5266	35053077
5267	35053089
5268	35053090
5269	35053107
5270	35053119
5271	35053120
5272	35053132
5273	35053144
5274	35053156
5275	35053168
5276	35053173
5277	35053181
5278	35053193
5279	35053200
5280	35053211
5281	35053223
5282	35053235
5283	35053247
5284	35053259
5285	35053260
5286	35053272
5287	35053284
5288	35053296
5289	35053302
5290	35053314
5291	35053326
5292	35053348
5293	35053351
5294	35053363
5295	35053375
5296	35053387
5297	35053399
5298	35053405
5299	35053417
5300	35053429
5301	35053430
5302	35053442
5303	35053454
5304	35053466
5305	35053478
5306	35053485
5307	35053491
5308	35053508
5309	35053512
5310	35053521
5311	35053533
5312	35053545
5313	35053557
5314	35053569
5315	35053570
5316	35053582
5317	35053594
5318	35053600
5319	35053612
5320	35053624
5321	35053636
5322	35053648
5323	35053659
5324	35053661
5325	35053673
5326	35053685
5327	35053697
5328	35053703
5329	35053715
5330	35053727
5331	35053739
5332	35053740
5333	35053752
5334	35053764
5335	35053776
5336	35053788
5337	35053797
5338	35053806
5339	35053818
5340	35053824
5341	35053831
5342	35053843
5343	35053855
5344	35053867
5345	35053879
5346	35053880
5347	35053892
5348	35053909
5349	35053910
5350	35053922
5351	35053934
5352	35053946
5353	35053958
5354	35053961
5355	35053971
5356	35053983
5357	35053995
5358	35054008
5359	35054012
5360	35054021
5361	35054033
5362	35054045
5363	35054057
5364	35054069
5365	35054070
5366	35054082
5367	35054094
5368	35054100
5369	35054112
5370	35054124
5371	35054136
5372	35054148
5373	35054159
5374	35054161
5375	35054173
5376	35054185
5377	35054197
5378	35054203
5379	35054215
5380	35054227
5381	35054239
5382	35054240
5383	35054252
5384	35054264
5385	35054276
5386	35054288
5387	35054297
5388	35054306
5389	35054318
5390	35054324
5391	35054331
5392	35054343
5393	35054355
5394	35054367
5395	35054379
5396	35054380
5397	35054392
5398	35054409
5399	35054410
5400	35054422
5401	35054434
5402	35054446
5403	35054458
5404	35054461
5405	35054471
5406	35054483
5407	35054495
5408	35054501
5409	35054513
5410	35054525
5411	35054537
5412	35054549
5413	35054550
5414	35054562
5415	35054574
5416	35054586
5417	35054598
5418	35054604
5419	35054616
5420	35054628
5421	35054636
5422	35054641
5423	35054653
5424	35054665
5425	35054677
5426	35054690
5427	35054707
5428	35054719
5429	35054720
5430	35054732
5431	35054744
5432	35054756
5433	35054768
5434	35054773
5435	35054781
5436	35054793
5437	35054800
5438	35054811
5439	35054823
5440	35054835
5441	35054847
5442	35054859
5443	35054860
5444	35054872
5445	35054884
5446	35054896
5447	35054902
5448	35054914
5449	35054926
5450	35054938
5451	35054948
5452	35054951
5453	35054963
5454	35054975
5455	35054987
5456	35054999
5457	35055001
5458	35055013
5459	35055025
5460	35055037
5461	35055049
5462	35055050
5463	35055062
5464	35055074
5465	35055086
5466	35055098
5467	35055104
5468	35055116
5469	35055128
5470	35055136
5471	35055141
5472	35055153
5473	35055165
5474	35055177
5475	35055189
5476	35055190
5477	35055207
5478	35055219
5479	35055220
5480	35055232
5481	35055244
5482	35055256
5483	35055268
5484	35055273
5485	35055281
5486	35055293
5487	35055300
5488	35055311
5489	35055323
5490	35055335
5491	35055347
5492	35055359
5493	35055360
5494	35055372
5495	35055384
5496	35055396
5497	35055402
5498	35055414
5499	35055426
5500	35055438
5501	35055448
5502	35055451
5503	35055463
5504	35055475
5505	35055487
5506	35055499
5507	35055505
5508	35055517
5509	35055529
5510	35055530
5511	35055542
5512	35055554
5513	35055566
5514	35055578
5515	35055585
5516	35055591
5517	35055608
5518	35055612
5519	35055621
5520	35055633
5521	35055645
5522	35055657
5523	35055669
5524	35055670
5525	35055682
5526	35055694
5527	35055700
5528	35055712
5529	35055724
5530	35055736
5531	35055748
5532	35055759
5533	35056571
5534	35056583
5535	35056704
5536	35056716
5537	35056881
5538	35056972
5539	35056996
5540	35057022
5541	35057034
5542	35057125
5543	35057289
5544	35057332
5545	35057484
5546	35057548
5547	35057551
5548	35057575
5549	35057605
5550	35057666
5551	35057691
5552	35057733
5553	35057812
5554	35057836
5555	35057873
5556	35057903
5557	35057915
5558	35058002
5559	35058051
5560	35058063
5561	35058075
5562	35058087
5563	35058117
5564	35058129
5565	35058166
5566	35058178
5567	35058185
5568	35058191
5569	35058208
5570	35058212
5571	35058257
5572	35058440
5573	35058452
5574	35058464
5575	35058488
5576	35058518
5577	35058853
5578	35058865
5579	35058920
5580	35059079
5581	35059080
5582	35059183
5583	35059596
5584	35059808
5585	35059973
5586	35059985
5587	35060331
5588	35060549
5589	35060550
5590	35060562
5591	35060574
5592	35060586
5593	35060847
5594	35060948
5595	35060963
5596	35061141
5597	35061529
5598	35061992
5599	35062029
5600	35062777
5601	35062789
5602	35062790
5603	35062807
5604	35063058
5605	35063071
5606	35063101
5607	35063332
5608	35063344
5609	35063356
5610	35064348
5611	35066266
5612	35066278
5613	35066285
5614	35066291
5615	35066308
5616	35066312
5617	35066734
5618	35068627
5619	35068639
5620	35068640
5621	35068652
5622	35068664
5623	35068676
5624	35068688
5625	35068697
5626	35068706
5627	35068718
5628	35068724
5629	35068731
5630	35068743
5631	35068755
5632	35068767
5633	35068779
5634	35068780
5635	35068792
5636	35068809
5637	35068810
5638	35068822
5639	35068834
5640	35070178
5641	35070185
5642	35070191
5643	35070208
5644	35071006
5645	35071936
5646	35071973
5647	35072230
5648	35072285
5649	35072357
5650	35072369
5651	35072473
5652	35072497
5653	35072503
5654	35072552
5655	35074640
5656	35074652
5657	35074664
5658	35074676
5659	35074688
5660	35074697
5661	35074706
5662	35074718
5663	35074724
5664	35074731
5665	35074743
5666	35074755
5667	35074767
5668	35075395
5669	35075553
5670	35075565
5671	35075577
5672	35075589
5673	35076119
5674	35076120
5675	35076132
5676	35076144
5677	35076156
5678	35076168
5679	35076173
5680	35076181
5681	35076193
5682	35076200
5683	35078759
5684	35078761
5685	35078773
5686	35078785
5687	35078797
5688	35079005
5689	35079017
5690	35079029
5691	35079030
5692	35079042
5693	35079736
5694	35079881
5695	35080998
5696	35081000
5697	35081012
5698	35081024
5699	35082314
5700	35082326
5701	35082466
5702	35082521
5703	35083948
5704	35083951
5705	35083963
5706	35083975
5707	35083987
5708	35084177
5709	35084220
5710	35084232
5711	35084244
5712	35084256
5713	35084268
5714	35084273
5715	35084281
5716	35084293
5717	35084300
5718	35084311
5719	35084323
5720	35084335
5721	35084347
5722	35084359
5723	35084360
5724	35084372
5725	35084384
5726	35084396
5727	35084402
5728	35085479
5729	35085480
5730	35085492
5731	35085509
5732	35085510
5733	35085522
5734	35085534
5735	35085546
5736	35085558
5737	35085561
5738	35085571
5739	35085583
5740	35085595
5741	35085601
5742	35087105
5743	35087117
5744	35087129
5745	35087130
5746	35087142
5747	35087154
5748	35087166
5749	35087178
5750	35087185
5751	35087191
5752	35087208
5753	35087212
5754	35087221
5755	35087233
5756	35087245
5757	35087257
5758	35087269
5759	35087270
5760	35087282
5761	35087294
5762	35087300
5763	35087580
5764	35087592
5765	35087609
5766	35087610
5767	35087622
5768	35087634
5769	35087646
5770	35087658
5771	35087661
5772	35087671
5773	35090585
5774	35090591
5775	35090608
5776	35090612
5777	35090621
5778	35090633
5779	35090645
5780	35090657
5781	35090669
5782	35090670
5783	35090682
5784	35090694
5785	35090700
5786	35090712
5787	35090724
5788	35090736
5789	35091340
5790	35091352
5791	35091364
5792	35091376
5793	35091388
5794	35091397
5795	35091406
5796	35091418
5797	35091424
5798	35091431
5799	35091443
5800	35092575
5801	35092587
5802	35092599
5803	35092605
5804	35092617
5805	35092629
5806	35092630
5807	35092642
5808	35092654
5809	35092666
5810	35092678
5811	35092685
5812	35092691
5813	35092708
5814	35092712
5815	35092721
5816	35092733
5817	35092745
5818	35092757
5819	35092769
5820	35092770
5821	35092782
5822	35092794
5823	35092800
5824	35092812
5825	35092824
5826	35092836
5827	35092848
5828	35092859
5829	35092861
5830	35092873
5831	35092885
5832	35092897
5833	35092903
5834	35092915
5835	35092927
5836	35092939
5837	35092940
5838	35092952
5839	35092964
5840	35092976
5841	35094766
5842	35094778
5843	35094785
5844	35094791
5845	35094924
5846	35095291
5847	35095539
5848	35095540
5849	35095552
5850	35095564
5851	35095576
5852	35095588
5853	35095597
5854	35095606
5855	35095618
5856	35095624
5857	35095631
5858	35095643
5859	35095655
5860	35095667
5861	35095679
5862	35095680
5863	35095692
5864	35095709
5865	35095710
5866	35095722
5867	35095734
5868	35095746
5869	35095758
5870	35095761
5871	35095771
5872	35098358
5873	35098361
5874	35098371
5875	35098383
5876	35098395
5877	35098401
5878	35098413
5879	35098425
5880	35098437
5881	35098449
5882	35098450
5883	35098462
5884	35098474
5885	35098486
5886	35098498
5887	35098504
5888	35098516
5889	35098528
5890	35098536
5891	35098541
5892	35098553
5893	35098565
5894	35098577
5895	35098589
5896	35098590
5897	35098607
5898	35098619
5899	35098620
5900	35098632
5901	35098644
5902	35098656
5903	35098668
5904	35098673
5905	35098681
5906	35098693
5907	35098700
5908	35098711
5909	35098723
5910	35098735
5911	35098747
5912	35098759
5913	35098760
5914	35098772
5915	35098784
5916	35100024
5917	35100031
5918	35100043
5919	35100080
5920	35100092
5921	35100134
5922	35100161
5923	35100171
5924	35100183
5925	35100213
5926	35100250
5927	35100286
5928	35100298
5929	35100304
5930	35100328
5931	35100353
5932	35100365
5933	35100420
5934	35100432
5935	35100444
5936	35100456
5937	35100468
5938	35100473
5939	35100493
5940	35100547
5941	35100560
5942	35100572
5943	35100663
5944	35100730
5945	35100785
5946	35100808
5947	35100833
5948	35100894
5949	35100900
5950	35100912
5951	35100959
5952	35100985
5953	35101011
5954	35101047
5955	35101084
5956	35101096
5957	35101126
5958	35101138
5959	35101148
5960	35101151
5961	35101175
5962	35101242
5963	35101266
5964	35101278
5965	35101333
5966	35101369
5967	35101448
5968	35101459
5969	35101503
5970	35101539
5971	35101552
5972	35101564
5973	35101597
5974	35101618
5975	35101643
5976	35101667
5977	35101679
5978	35101692
5979	35101710
5980	35101722
5981	35101734
5982	35101761
5983	35101771
5984	35101795
5985	35101813
5986	35101837
5987	35101849
5988	35101850
5989	35101862
5990	35101886
5991	35101898
5992	35101904
5993	35101916
5994	35101941
5995	35101965
5996	35101977
5997	35101989
5998	35101990
5999	35102015
6000	35102027
6001	35102039
6002	35102040
6003	35102076
6004	35102088
6005	35102124
6006	35102131
6007	35102155
6008	35102167
6009	35102180
6010	35102210
6011	35102222
6012	35102258
6013	35102283
6014	35102295
6015	35102301
6016	35102313
6017	35102325
6018	35102350
6019	35102386
6020	35102416
6021	35102428
6022	35102465
6023	35102489
6024	35102490
6025	35102507
6026	35102623
6027	35102635
6028	35102659
6029	35102660
6030	35102714
6031	35102751
6032	35102787
6033	35102799
6034	35102805
6035	35102829
6036	35102830
6037	35102842
6038	35102854
6039	35102885
6040	35102970
6041	35102982
6042	35103044
6043	35103123
6044	35103147
6045	35103248
6046	35103251
6047	35103263
6048	35103275
6049	35103329
6050	35103330
6051	35103342
6052	35103354
6053	35103391
6054	35103408
6055	35103421
6056	35103433
6057	35103445
6058	35103494
6059	35103500
6060	35103512
6061	35103524
6062	35103536
6063	35103548
6064	35103561
6065	35103603
6066	35103615
6067	35103697
6068	35103718
6069	35103767
6070	35103780
6071	35103792
6072	35103822
6073	35103834
6074	35103861
6075	35103925
6076	35104000
6077	35104012
6078	35104061
6079	35104097
6080	35104103
6081	35104206
6082	35104218
6083	35104334
6084	35104358
6085	35104449
6086	35104450
6087	35104589
6088	35104590
6089	35104607
6090	35104619
6091	35104620
6092	35104644
6093	35104668
6094	35104673
6095	35104711
6096	35104784
6097	35104875
6098	35104887
6099	35104899
6100	35104917
6101	35104985
6102	35104991
6103	35105004
6104	35105016
6105	35105028
6106	35105036
6107	35105041
6108	35105053
6109	35105065
6110	35105077
6111	35105132
6112	35105272
6113	35105302
6114	35105314
6115	35105338
6116	35105348
6117	35105429
6118	35105521
6119	35105545
6120	35105569
6121	35105600
6122	35105648
6123	35105685
6124	35105797
6125	35105806
6126	35105818
6127	35105909
6128	35105910
6129	35105961
6130	35105971
6131	35105995
6132	35106008
6133	35106124
6134	35106136
6135	35106148
6136	35106159
6137	35106161
6138	35106203
6139	35106240
6140	35106252
6141	35106367
6142	35106446
6143	35106471
6144	35106513
6145	35106550
6146	35106616
6147	35106628
6148	35106636
6149	35106653
6150	35106677
6151	35106689
6152	35106690
6153	35106732
6154	35106756
6155	35106768
6156	35106781
6157	35106800
6158	35106811
6159	35106823
6160	35106872
6161	35106884
6162	35106896
6163	35106926
6164	35106999
6165	35107049
6166	35107050
6167	35107074
6168	35107116
6169	35107128
6170	35107153
6171	35107165
6172	35107177
6173	35107189
6174	35107190
6175	35107219
6176	35107256
6177	35107273
6178	35107335
6179	35107347
6180	35107360
6181	35107396
6182	35107402
6183	35107414
6184	35107438
6185	35107475
6186	35107487
6187	35107499
6188	35107517
6189	35107529
6190	35107530
6191	35107542
6192	35107554
6193	35107566
6194	35107578
6195	35107585
6196	35107591
6197	35107608
6198	35107612
6199	35107621
6200	35107633
6201	35107645
6202	35107657
6203	35107669
6204	35107682
6205	35107700
6206	35107724
6207	35107736
6208	35107759
6209	35107773
6210	35107785
6211	35107803
6212	35107827
6213	35107888
6214	35107906
6215	35107924
6216	35107967
6217	35109241
6218	35110280
6219	35112987
6220	35113001
6221	35113074
6222	35113141
6223	35113529
6224	35113566
6225	35114339
6226	35115307
6227	35115423
6228	35115460
6229	35115605
6230	35117648
6231	35117729
6232	35117766
6233	35117869
6234	35117894
